dimension,inputsize,keysize,threshold,nclients,dropout,phase,round,direction,size
400000,16,2048,200,300,0.0,setup,register,sent,1040
400000,16,2048,200,300,0.0,setup,register,sent,1040
400000,16,2048,200,300,0.0,setup,register,sent,1040
400000,16,2048,200,300,0.0,setup,register,sent,1040
400000,16,2048,200,300,0.0,setup,register,sent,1040
400000,16,2048,200,300,0.0,setup,register,sent,1040
400000,16,2048,200,300,0.0,setup,register,sent,1040
400000,16,2048,200,300,0.0,setup,register,sent,1040
400000,16,2048,200,300,0.0,setup,register,sent,1040
400000,16,2048,200,300,0.0,setup,register,sent,1040
400000,16,2048,200,300,0.0,setup,register,sent,1040
400000,16,2048,200,300,0.0,setup,register,sent,1040
400000,16,2048,200,300,0.0,setup,register,sent,1040
400000,16,2048,200,300,0.0,setup,register,sent,1040
400000,16,2048,200,300,0.0,setup,register,sent,1040
400000,16,2048,200,300,0.0,setup,register,sent,1040
400000,16,2048,200,300,0.0,setup,register,sent,1040
400000,16,2048,200,300,0.0,setup,register,sent,1040
400000,16,2048,200,300,0.0,setup,register,sent,1040
400000,16,2048,200,300,0.0,setup,register,sent,1040
400000,16,2048,200,300,0.0,setup,register,sent,1040
400000,16,2048,200,300,0.0,setup,register,sent,1040
400000,16,2048,200,300,0.0,setup,register,sent,1040
400000,16,2048,200,300,0.0,setup,register,sent,1040
400000,16,2048,200,300,0.0,setup,register,sent,1040
400000,16,2048,200,300,0.0,setup,register,sent,1040
400000,16,2048,200,300,0.0,setup,register,sent,1040
400000,16,2048,200,300,0.0,setup,register,sent,1040
400000,16,2048,200,300,0.0,setup,register,sent,1040
400000,16,2048,200,300,0.0,setup,register,sent,1040
400000,16,2048,200,300,0.0,setup,register,sent,1040
400000,16,2048,200,300,0.0,setup,register,sent,1040
400000,16,2048,200,300,0.0,setup,register,sent,1040
400000,16,2048,200,300,0.0,setup,register,sent,1040
400000,16,2048,200,300,0.0,setup,register,sent,1040
400000,16,2048,200,300,0.0,setup,register,sent,1040
400000,16,2048,200,300,0.0,setup,register,sent,1040
400000,16,2048,200,300,0.0,setup,register,sent,1040
400000,16,2048,200,300,0.0,setup,register,sent,1040
400000,16,2048,200,300,0.0,setup,register,sent,1040
400000,16,2048,200,300,0.0,setup,register,sent,1040
400000,16,2048,200,300,0.0,setup,register,sent,1040
400000,16,2048,200,300,0.0,setup,register,sent,1040
400000,16,2048,200,300,0.0,setup,register,sent,1040
400000,16,2048,200,300,0.0,setup,register,sent,1040
400000,16,2048,200,300,0.0,setup,register,sent,1040
400000,16,2048,200,300,0.0,setup,register,sent,1040
400000,16,2048,200,300,0.0,setup,register,sent,1040
400000,16,2048,200,300,0.0,setup,register,sent,1040
400000,16,2048,200,300,0.0,setup,register,sent,1040
400000,16,2048,200,300,0.0,setup,register,sent,1040
400000,16,2048,200,300,0.0,setup,register,sent,1040
400000,16,2048,200,300,0.0,setup,register,sent,1040
400000,16,2048,200,300,0.0,setup,register,sent,1040
400000,16,2048,200,300,0.0,setup,register,sent,1040
400000,16,2048,200,300,0.0,setup,register,sent,1040
400000,16,2048,200,300,0.0,setup,register,sent,1040
400000,16,2048,200,300,0.0,setup,register,sent,1040
400000,16,2048,200,300,0.0,setup,register,sent,1040
400000,16,2048,200,300,0.0,setup,register,sent,1040
400000,16,2048,200,300,0.0,setup,register,sent,1040
400000,16,2048,200,300,0.0,setup,register,sent,1040
400000,16,2048,200,300,0.0,setup,register,sent,1040
400000,16,2048,200,300,0.0,setup,register,sent,1040
400000,16,2048,200,300,0.0,setup,register,sent,1040
400000,16,2048,200,300,0.0,setup,register,sent,1040
400000,16,2048,200,300,0.0,setup,register,sent,1040
400000,16,2048,200,300,0.0,setup,register,sent,1040
400000,16,2048,200,300,0.0,setup,register,sent,1040
400000,16,2048,200,300,0.0,setup,register,sent,1040
400000,16,2048,200,300,0.0,setup,register,sent,1040
400000,16,2048,200,300,0.0,setup,register,sent,1040
400000,16,2048,200,300,0.0,setup,register,sent,1040
400000,16,2048,200,300,0.0,setup,register,sent,1040
400000,16,2048,200,300,0.0,setup,register,sent,1040
400000,16,2048,200,300,0.0,setup,register,sent,1040
400000,16,2048,200,300,0.0,setup,register,sent,1040
400000,16,2048,200,300,0.0,setup,register,sent,1040
400000,16,2048,200,300,0.0,setup,register,sent,1040
400000,16,2048,200,300,0.0,setup,register,sent,1040
400000,16,2048,200,300,0.0,setup,register,sent,1040
400000,16,2048,200,300,0.0,setup,register,sent,1040
400000,16,2048,200,300,0.0,setup,register,sent,1040
400000,16,2048,200,300,0.0,setup,register,sent,1040
400000,16,2048,200,300,0.0,setup,register,sent,1040
400000,16,2048,200,300,0.0,setup,register,sent,1040
400000,16,2048,200,300,0.0,setup,register,sent,1040
400000,16,2048,200,300,0.0,setup,register,sent,1040
400000,16,2048,200,300,0.0,setup,register,sent,1040
400000,16,2048,200,300,0.0,setup,register,sent,1040
400000,16,2048,200,300,0.0,setup,register,sent,1040
400000,16,2048,200,300,0.0,setup,register,sent,1040
400000,16,2048,200,300,0.0,setup,register,sent,1040
400000,16,2048,200,300,0.0,setup,register,sent,1040
400000,16,2048,200,300,0.0,setup,register,sent,1040
400000,16,2048,200,300,0.0,setup,register,sent,1040
400000,16,2048,200,300,0.0,setup,register,sent,1040
400000,16,2048,200,300,0.0,setup,register,sent,1040
400000,16,2048,200,300,0.0,setup,register,sent,1040
400000,16,2048,200,300,0.0,setup,register,sent,1040
400000,16,2048,200,300,0.0,setup,register,sent,1040
400000,16,2048,200,300,0.0,setup,register,sent,1040
400000,16,2048,200,300,0.0,setup,register,sent,1040
400000,16,2048,200,300,0.0,setup,register,sent,1040
400000,16,2048,200,300,0.0,setup,register,sent,1040
400000,16,2048,200,300,0.0,setup,register,sent,1040
400000,16,2048,200,300,0.0,setup,register,sent,1040
400000,16,2048,200,300,0.0,setup,register,sent,1040
400000,16,2048,200,300,0.0,setup,register,sent,1040
400000,16,2048,200,300,0.0,setup,register,sent,1040
400000,16,2048,200,300,0.0,setup,register,sent,1040
400000,16,2048,200,300,0.0,setup,register,sent,1040
400000,16,2048,200,300,0.0,setup,register,sent,1040
400000,16,2048,200,300,0.0,setup,register,sent,1040
400000,16,2048,200,300,0.0,setup,register,sent,1040
400000,16,2048,200,300,0.0,setup,register,sent,1040
400000,16,2048,200,300,0.0,setup,register,sent,1040
400000,16,2048,200,300,0.0,setup,register,sent,1040
400000,16,2048,200,300,0.0,setup,register,sent,1040
400000,16,2048,200,300,0.0,setup,register,sent,1040
400000,16,2048,200,300,0.0,setup,register,sent,1040
400000,16,2048,200,300,0.0,setup,register,sent,1040
400000,16,2048,200,300,0.0,setup,register,sent,1040
400000,16,2048,200,300,0.0,setup,register,sent,1040
400000,16,2048,200,300,0.0,setup,register,sent,1040
400000,16,2048,200,300,0.0,setup,register,sent,1040
400000,16,2048,200,300,0.0,setup,register,sent,1040
400000,16,2048,200,300,0.0,setup,register,sent,1040
400000,16,2048,200,300,0.0,setup,register,sent,1040
400000,16,2048,200,300,0.0,setup,register,sent,1040
400000,16,2048,200,300,0.0,setup,register,sent,1040
400000,16,2048,200,300,0.0,setup,register,sent,1040
400000,16,2048,200,300,0.0,setup,register,sent,1040
400000,16,2048,200,300,0.0,setup,register,sent,1040
400000,16,2048,200,300,0.0,setup,register,sent,1040
400000,16,2048,200,300,0.0,setup,register,sent,1040
400000,16,2048,200,300,0.0,setup,register,sent,1040
400000,16,2048,200,300,0.0,setup,register,sent,1040
400000,16,2048,200,300,0.0,setup,register,sent,1040
400000,16,2048,200,300,0.0,setup,register,sent,1040
400000,16,2048,200,300,0.0,setup,register,sent,1040
400000,16,2048,200,300,0.0,setup,register,sent,1040
400000,16,2048,200,300,0.0,setup,register,sent,1040
400000,16,2048,200,300,0.0,setup,register,sent,1040
400000,16,2048,200,300,0.0,setup,register,sent,1040
400000,16,2048,200,300,0.0,setup,register,sent,1040
400000,16,2048,200,300,0.0,setup,register,sent,1040
400000,16,2048,200,300,0.0,setup,register,sent,1040
400000,16,2048,200,300,0.0,setup,register,sent,1040
400000,16,2048,200,300,0.0,setup,register,sent,1040
400000,16,2048,200,300,0.0,setup,register,sent,1040
400000,16,2048,200,300,0.0,setup,register,sent,1040
400000,16,2048,200,300,0.0,setup,register,sent,1040
400000,16,2048,200,300,0.0,setup,register,sent,1040
400000,16,2048,200,300,0.0,setup,register,sent,1040
400000,16,2048,200,300,0.0,setup,register,sent,1040
400000,16,2048,200,300,0.0,setup,register,sent,1040
400000,16,2048,200,300,0.0,setup,register,sent,1040
400000,16,2048,200,300,0.0,setup,register,sent,1040
400000,16,2048,200,300,0.0,setup,register,sent,1040
400000,16,2048,200,300,0.0,setup,register,sent,1040
400000,16,2048,200,300,0.0,setup,register,sent,1040
400000,16,2048,200,300,0.0,setup,register,sent,1040
400000,16,2048,200,300,0.0,setup,register,sent,1040
400000,16,2048,200,300,0.0,setup,register,sent,1040
400000,16,2048,200,300,0.0,setup,register,sent,1040
400000,16,2048,200,300,0.0,setup,register,sent,1040
400000,16,2048,200,300,0.0,setup,register,sent,1040
400000,16,2048,200,300,0.0,setup,register,sent,1040
400000,16,2048,200,300,0.0,setup,register,sent,1040
400000,16,2048,200,300,0.0,setup,register,sent,1040
400000,16,2048,200,300,0.0,setup,register,sent,1040
400000,16,2048,200,300,0.0,setup,register,sent,1040
400000,16,2048,200,300,0.0,setup,register,sent,1040
400000,16,2048,200,300,0.0,setup,register,sent,1040
400000,16,2048,200,300,0.0,setup,register,sent,1040
400000,16,2048,200,300,0.0,setup,register,sent,1040
400000,16,2048,200,300,0.0,setup,register,sent,1040
400000,16,2048,200,300,0.0,setup,register,sent,1040
400000,16,2048,200,300,0.0,setup,register,sent,1040
400000,16,2048,200,300,0.0,setup,register,sent,1040
400000,16,2048,200,300,0.0,setup,register,sent,1040
400000,16,2048,200,300,0.0,setup,register,sent,1040
400000,16,2048,200,300,0.0,setup,register,sent,1040
400000,16,2048,200,300,0.0,setup,register,sent,1040
400000,16,2048,200,300,0.0,setup,register,sent,1040
400000,16,2048,200,300,0.0,setup,register,sent,1040
400000,16,2048,200,300,0.0,setup,register,sent,1040
400000,16,2048,200,300,0.0,setup,register,sent,1040
400000,16,2048,200,300,0.0,setup,register,sent,1040
400000,16,2048,200,300,0.0,setup,register,sent,1040
400000,16,2048,200,300,0.0,setup,register,sent,1040
400000,16,2048,200,300,0.0,setup,register,sent,1040
400000,16,2048,200,300,0.0,setup,register,sent,1040
400000,16,2048,200,300,0.0,setup,register,sent,1040
400000,16,2048,200,300,0.0,setup,register,sent,1040
400000,16,2048,200,300,0.0,setup,register,sent,1040
400000,16,2048,200,300,0.0,setup,register,sent,1040
400000,16,2048,200,300,0.0,setup,register,sent,1040
400000,16,2048,200,300,0.0,setup,register,sent,1040
400000,16,2048,200,300,0.0,setup,register,sent,1040
400000,16,2048,200,300,0.0,setup,register,sent,1040
400000,16,2048,200,300,0.0,setup,register,sent,1040
400000,16,2048,200,300,0.0,setup,register,sent,1040
400000,16,2048,200,300,0.0,setup,register,sent,1040
400000,16,2048,200,300,0.0,setup,register,sent,1040
400000,16,2048,200,300,0.0,setup,register,sent,1040
400000,16,2048,200,300,0.0,setup,register,sent,1040
400000,16,2048,200,300,0.0,setup,register,sent,1040
400000,16,2048,200,300,0.0,setup,register,sent,1040
400000,16,2048,200,300,0.0,setup,register,sent,1040
400000,16,2048,200,300,0.0,setup,register,sent,1040
400000,16,2048,200,300,0.0,setup,register,sent,1040
400000,16,2048,200,300,0.0,setup,register,sent,1040
400000,16,2048,200,300,0.0,setup,register,sent,1040
400000,16,2048,200,300,0.0,setup,register,sent,1040
400000,16,2048,200,300,0.0,setup,register,sent,1040
400000,16,2048,200,300,0.0,setup,register,sent,1040
400000,16,2048,200,300,0.0,setup,register,sent,1040
400000,16,2048,200,300,0.0,setup,register,sent,1040
400000,16,2048,200,300,0.0,setup,register,sent,1040
400000,16,2048,200,300,0.0,setup,register,sent,1040
400000,16,2048,200,300,0.0,setup,register,sent,1040
400000,16,2048,200,300,0.0,setup,register,sent,1040
400000,16,2048,200,300,0.0,setup,register,sent,1040
400000,16,2048,200,300,0.0,setup,register,sent,1040
400000,16,2048,200,300,0.0,setup,register,sent,1040
400000,16,2048,200,300,0.0,setup,register,sent,1040
400000,16,2048,200,300,0.0,setup,register,sent,1040
400000,16,2048,200,300,0.0,setup,register,sent,1040
400000,16,2048,200,300,0.0,setup,register,sent,1040
400000,16,2048,200,300,0.0,setup,register,sent,1040
400000,16,2048,200,300,0.0,setup,register,sent,1040
400000,16,2048,200,300,0.0,setup,register,sent,1040
400000,16,2048,200,300,0.0,setup,register,sent,1040
400000,16,2048,200,300,0.0,setup,register,sent,1040
400000,16,2048,200,300,0.0,setup,register,sent,1040
400000,16,2048,200,300,0.0,setup,register,sent,1040
400000,16,2048,200,300,0.0,setup,register,sent,1040
400000,16,2048,200,300,0.0,setup,register,sent,1040
400000,16,2048,200,300,0.0,setup,register,sent,1040
400000,16,2048,200,300,0.0,setup,register,sent,1040
400000,16,2048,200,300,0.0,setup,register,sent,1040
400000,16,2048,200,300,0.0,setup,register,sent,1040
400000,16,2048,200,300,0.0,setup,register,sent,1040
400000,16,2048,200,300,0.0,setup,register,sent,1040
400000,16,2048,200,300,0.0,setup,register,sent,1040
400000,16,2048,200,300,0.0,setup,register,sent,1040
400000,16,2048,200,300,0.0,setup,register,sent,1040
400000,16,2048,200,300,0.0,setup,register,sent,1040
400000,16,2048,200,300,0.0,setup,register,sent,1040
400000,16,2048,200,300,0.0,setup,register,sent,1040
400000,16,2048,200,300,0.0,setup,register,sent,1040
400000,16,2048,200,300,0.0,setup,register,sent,1040
400000,16,2048,200,300,0.0,setup,register,sent,1040
400000,16,2048,200,300,0.0,setup,register,sent,1040
400000,16,2048,200,300,0.0,setup,register,sent,1040
400000,16,2048,200,300,0.0,setup,register,sent,1040
400000,16,2048,200,300,0.0,setup,register,sent,1040
400000,16,2048,200,300,0.0,setup,register,sent,1040
400000,16,2048,200,300,0.0,setup,register,sent,1040
400000,16,2048,200,300,0.0,setup,register,sent,1040
400000,16,2048,200,300,0.0,setup,register,sent,1040
400000,16,2048,200,300,0.0,setup,register,sent,1040
400000,16,2048,200,300,0.0,setup,register,sent,1040
400000,16,2048,200,300,0.0,setup,register,sent,1040
400000,16,2048,200,300,0.0,setup,register,sent,1040
400000,16,2048,200,300,0.0,setup,register,sent,1040
400000,16,2048,200,300,0.0,setup,register,sent,1040
400000,16,2048,200,300,0.0,setup,register,sent,1040
400000,16,2048,200,300,0.0,setup,register,sent,1040
400000,16,2048,200,300,0.0,setup,register,sent,1040
400000,16,2048,200,300,0.0,setup,register,sent,1040
400000,16,2048,200,300,0.0,setup,register,sent,1040
400000,16,2048,200,300,0.0,setup,register,sent,1040
400000,16,2048,200,300,0.0,setup,register,sent,1040
400000,16,2048,200,300,0.0,setup,register,sent,1040
400000,16,2048,200,300,0.0,setup,register,sent,1040
400000,16,2048,200,300,0.0,setup,register,sent,1040
400000,16,2048,200,300,0.0,setup,register,sent,1040
400000,16,2048,200,300,0.0,setup,register,sent,1040
400000,16,2048,200,300,0.0,setup,register,sent,1040
400000,16,2048,200,300,0.0,setup,register,sent,1040
400000,16,2048,200,300,0.0,setup,register,sent,1040
400000,16,2048,200,300,0.0,setup,register,sent,1040
400000,16,2048,200,300,0.0,setup,register,sent,1040
400000,16,2048,200,300,0.0,setup,register,sent,1040
400000,16,2048,200,300,0.0,setup,register,sent,1040
400000,16,2048,200,300,0.0,setup,register,sent,1040
400000,16,2048,200,300,0.0,setup,register,sent,1040
400000,16,2048,200,300,0.0,setup,register,sent,1040
400000,16,2048,200,300,0.0,setup,register,sent,1040
400000,16,2048,200,300,0.0,setup,register,sent,1040
400000,16,2048,200,300,0.0,setup,register,sent,1040
400000,16,2048,200,300,0.0,setup,register,sent,1040
400000,16,2048,200,300,0.0,setup,register,sent,1040
400000,16,2048,200,300,0.0,setup,register,sent,1040
400000,16,2048,200,300,0.0,setup,register,sent,1040
400000,16,2048,200,300,0.0,setup,register,sent,1040
400000,16,2048,200,300,0.0,setup,register,sent,1040
400000,16,2048,200,300,0.0,setup,keysetup1,rcvd,316800
400000,16,2048,200,300,0.0,setup,keysetup1,sent,1114952
400000,16,2048,200,300,0.0,setup,keysetup1,rcvd,316800
400000,16,2048,200,300,0.0,setup,keysetup1,sent,1114904
400000,16,2048,200,300,0.0,setup,keysetup1,rcvd,316800
400000,16,2048,200,300,0.0,setup,keysetup1,sent,1114840
400000,16,2048,200,300,0.0,setup,keysetup1,rcvd,316800
400000,16,2048,200,300,0.0,setup,keysetup1,sent,1114280
400000,16,2048,200,300,0.0,setup,keysetup1,rcvd,316800
400000,16,2048,200,300,0.0,setup,keysetup1,sent,1114784
400000,16,2048,200,300,0.0,setup,keysetup1,rcvd,316800
400000,16,2048,200,300,0.0,setup,keysetup1,sent,1114544
400000,16,2048,200,300,0.0,setup,keysetup1,rcvd,316800
400000,16,2048,200,300,0.0,setup,keysetup1,sent,1114840
400000,16,2048,200,300,0.0,setup,keysetup1,rcvd,316800
400000,16,2048,200,300,0.0,setup,keysetup1,sent,1114728
400000,16,2048,200,300,0.0,setup,keysetup1,rcvd,316800
400000,16,2048,200,300,0.0,setup,keysetup1,sent,1114736
400000,16,2048,200,300,0.0,setup,keysetup1,rcvd,316800
400000,16,2048,200,300,0.0,setup,keysetup1,sent,1114480
400000,16,2048,200,300,0.0,setup,keysetup1,rcvd,316800
400000,16,2048,200,300,0.0,setup,keysetup1,sent,1114064
400000,16,2048,200,300,0.0,setup,keysetup1,rcvd,316800
400000,16,2048,200,300,0.0,setup,keysetup1,sent,1114504
400000,16,2048,200,300,0.0,setup,keysetup1,rcvd,316800
400000,16,2048,200,300,0.0,setup,keysetup1,sent,1113920
400000,16,2048,200,300,0.0,setup,keysetup1,rcvd,316800
400000,16,2048,200,300,0.0,setup,keysetup1,sent,1114200
400000,16,2048,200,300,0.0,setup,keysetup1,rcvd,316800
400000,16,2048,200,300,0.0,setup,keysetup1,sent,1114384
400000,16,2048,200,300,0.0,setup,keysetup1,rcvd,316800
400000,16,2048,200,300,0.0,setup,keysetup1,sent,1114184
400000,16,2048,200,300,0.0,setup,keysetup1,rcvd,316800
400000,16,2048,200,300,0.0,setup,keysetup1,sent,1114528
400000,16,2048,200,300,0.0,setup,keysetup1,rcvd,316800
400000,16,2048,200,300,0.0,setup,keysetup1,sent,1114152
400000,16,2048,200,300,0.0,setup,keysetup1,rcvd,316800
400000,16,2048,200,300,0.0,setup,keysetup1,sent,1114528
400000,16,2048,200,300,0.0,setup,keysetup1,rcvd,316800
400000,16,2048,200,300,0.0,setup,keysetup1,sent,1114136
400000,16,2048,200,300,0.0,setup,keysetup1,rcvd,316800
400000,16,2048,200,300,0.0,setup,keysetup1,sent,1114424
400000,16,2048,200,300,0.0,setup,keysetup1,rcvd,316800
400000,16,2048,200,300,0.0,setup,keysetup1,sent,1113064
400000,16,2048,200,300,0.0,setup,keysetup1,rcvd,316800
400000,16,2048,200,300,0.0,setup,keysetup1,sent,1113736
400000,16,2048,200,300,0.0,setup,keysetup1,rcvd,316800
400000,16,2048,200,300,0.0,setup,keysetup1,sent,1114504
400000,16,2048,200,300,0.0,setup,keysetup1,rcvd,316800
400000,16,2048,200,300,0.0,setup,keysetup1,sent,1114064
400000,16,2048,200,300,0.0,setup,keysetup1,rcvd,316800
400000,16,2048,200,300,0.0,setup,keysetup1,sent,1114480
400000,16,2048,200,300,0.0,setup,keysetup1,rcvd,316800
400000,16,2048,200,300,0.0,setup,keysetup1,sent,1114128
400000,16,2048,200,300,0.0,setup,keysetup1,rcvd,316800
400000,16,2048,200,300,0.0,setup,keysetup1,sent,1114288
400000,16,2048,200,300,0.0,setup,keysetup1,rcvd,316800
400000,16,2048,200,300,0.0,setup,keysetup1,sent,1114408
400000,16,2048,200,300,0.0,setup,keysetup1,rcvd,316800
400000,16,2048,200,300,0.0,setup,keysetup1,sent,1114040
400000,16,2048,200,300,0.0,setup,keysetup1,rcvd,316800
400000,16,2048,200,300,0.0,setup,keysetup1,sent,1113808
400000,16,2048,200,300,0.0,setup,keysetup1,rcvd,316800
400000,16,2048,200,300,0.0,setup,keysetup1,sent,1114024
400000,16,2048,200,300,0.0,setup,keysetup1,rcvd,316800
400000,16,2048,200,300,0.0,setup,keysetup1,sent,1114232
400000,16,2048,200,300,0.0,setup,keysetup1,rcvd,316800
400000,16,2048,200,300,0.0,setup,keysetup1,sent,1113584
400000,16,2048,200,300,0.0,setup,keysetup1,rcvd,316800
400000,16,2048,200,300,0.0,setup,keysetup1,sent,1114176
400000,16,2048,200,300,0.0,setup,keysetup1,rcvd,316800
400000,16,2048,200,300,0.0,setup,keysetup1,sent,1114368
400000,16,2048,200,300,0.0,setup,keysetup1,rcvd,316800
400000,16,2048,200,300,0.0,setup,keysetup1,sent,1114392
400000,16,2048,200,300,0.0,setup,keysetup1,rcvd,316800
400000,16,2048,200,300,0.0,setup,keysetup1,sent,1114392
400000,16,2048,200,300,0.0,setup,keysetup1,rcvd,316800
400000,16,2048,200,300,0.0,setup,keysetup1,sent,1114280
400000,16,2048,200,300,0.0,setup,keysetup1,rcvd,316800
400000,16,2048,200,300,0.0,setup,keysetup1,sent,1114312
400000,16,2048,200,300,0.0,setup,keysetup1,rcvd,316800
400000,16,2048,200,300,0.0,setup,keysetup1,sent,1114368
400000,16,2048,200,300,0.0,setup,keysetup1,rcvd,316800
400000,16,2048,200,300,0.0,setup,keysetup1,sent,1113720
400000,16,2048,200,300,0.0,setup,keysetup1,rcvd,316800
400000,16,2048,200,300,0.0,setup,keysetup1,sent,1113704
400000,16,2048,200,300,0.0,setup,keysetup1,rcvd,316800
400000,16,2048,200,300,0.0,setup,keysetup1,sent,1114128
400000,16,2048,200,300,0.0,setup,keysetup1,rcvd,316800
400000,16,2048,200,300,0.0,setup,keysetup1,sent,1114080
400000,16,2048,200,300,0.0,setup,keysetup1,rcvd,316800
400000,16,2048,200,300,0.0,setup,keysetup1,sent,1114280
400000,16,2048,200,300,0.0,setup,keysetup1,rcvd,316800
400000,16,2048,200,300,0.0,setup,keysetup1,sent,1113936
400000,16,2048,200,300,0.0,setup,keysetup1,rcvd,316800
400000,16,2048,200,300,0.0,setup,keysetup1,sent,1114056
400000,16,2048,200,300,0.0,setup,keysetup1,rcvd,316800
400000,16,2048,200,300,0.0,setup,keysetup1,sent,1114048
400000,16,2048,200,300,0.0,setup,keysetup1,rcvd,316800
400000,16,2048,200,300,0.0,setup,keysetup1,sent,1113960
400000,16,2048,200,300,0.0,setup,keysetup1,rcvd,316800
400000,16,2048,200,300,0.0,setup,keysetup1,sent,1114240
400000,16,2048,200,300,0.0,setup,keysetup1,rcvd,316800
400000,16,2048,200,300,0.0,setup,keysetup1,sent,1114112
400000,16,2048,200,300,0.0,setup,keysetup1,rcvd,316800
400000,16,2048,200,300,0.0,setup,keysetup1,sent,1114184
400000,16,2048,200,300,0.0,setup,keysetup1,rcvd,316800
400000,16,2048,200,300,0.0,setup,keysetup1,sent,1114248
400000,16,2048,200,300,0.0,setup,keysetup1,rcvd,316800
400000,16,2048,200,300,0.0,setup,keysetup1,sent,1113936
400000,16,2048,200,300,0.0,setup,keysetup1,rcvd,316800
400000,16,2048,200,300,0.0,setup,keysetup1,sent,1113912
400000,16,2048,200,300,0.0,setup,keysetup1,rcvd,316800
400000,16,2048,200,300,0.0,setup,keysetup1,sent,1113960
400000,16,2048,200,300,0.0,setup,keysetup1,rcvd,316800
400000,16,2048,200,300,0.0,setup,keysetup1,sent,1114208
400000,16,2048,200,300,0.0,setup,keysetup1,rcvd,316800
400000,16,2048,200,300,0.0,setup,keysetup1,sent,1113160
400000,16,2048,200,300,0.0,setup,keysetup1,rcvd,316800
400000,16,2048,200,300,0.0,setup,keysetup1,sent,1113432
400000,16,2048,200,300,0.0,setup,keysetup1,rcvd,316800
400000,16,2048,200,300,0.0,setup,keysetup1,sent,1114104
400000,16,2048,200,300,0.0,setup,keysetup1,rcvd,316800
400000,16,2048,200,300,0.0,setup,keysetup1,sent,1113472
400000,16,2048,200,300,0.0,setup,keysetup1,rcvd,316800
400000,16,2048,200,300,0.0,setup,keysetup1,sent,1112464
400000,16,2048,200,300,0.0,setup,keysetup1,rcvd,316800
400000,16,2048,200,300,0.0,setup,keysetup1,sent,1113600
400000,16,2048,200,300,0.0,setup,keysetup1,rcvd,316800
400000,16,2048,200,300,0.0,setup,keysetup1,sent,1114240
400000,16,2048,200,300,0.0,setup,keysetup1,rcvd,316800
400000,16,2048,200,300,0.0,setup,keysetup1,sent,1113856
400000,16,2048,200,300,0.0,setup,keysetup1,rcvd,316800
400000,16,2048,200,300,0.0,setup,keysetup1,sent,1114072
400000,16,2048,200,300,0.0,setup,keysetup1,rcvd,316800
400000,16,2048,200,300,0.0,setup,keysetup1,sent,1114168
400000,16,2048,200,300,0.0,setup,keysetup1,rcvd,316800
400000,16,2048,200,300,0.0,setup,keysetup1,sent,1114224
400000,16,2048,200,300,0.0,setup,keysetup1,rcvd,316800
400000,16,2048,200,300,0.0,setup,keysetup1,sent,1113688
400000,16,2048,200,300,0.0,setup,keysetup1,rcvd,316800
400000,16,2048,200,300,0.0,setup,keysetup1,sent,1112904
400000,16,2048,200,300,0.0,setup,keysetup1,rcvd,316800
400000,16,2048,200,300,0.0,setup,keysetup1,sent,1113544
400000,16,2048,200,300,0.0,setup,keysetup1,rcvd,316800
400000,16,2048,200,300,0.0,setup,keysetup1,sent,1112032
400000,16,2048,200,300,0.0,setup,keysetup1,rcvd,316800
400000,16,2048,200,300,0.0,setup,keysetup1,sent,1113792
400000,16,2048,200,300,0.0,setup,keysetup1,rcvd,316800
400000,16,2048,200,300,0.0,setup,keysetup1,sent,1112296
400000,16,2048,200,300,0.0,setup,keysetup1,rcvd,316800
400000,16,2048,200,300,0.0,setup,keysetup1,sent,1113776
400000,16,2048,200,300,0.0,setup,keysetup1,rcvd,316800
400000,16,2048,200,300,0.0,setup,keysetup1,sent,1113920
400000,16,2048,200,300,0.0,setup,keysetup1,rcvd,316800
400000,16,2048,200,300,0.0,setup,keysetup1,sent,1113880
400000,16,2048,200,300,0.0,setup,keysetup1,rcvd,316800
400000,16,2048,200,300,0.0,setup,keysetup1,sent,1113992
400000,16,2048,200,300,0.0,setup,keysetup1,rcvd,316800
400000,16,2048,200,300,0.0,setup,keysetup1,sent,1114136
400000,16,2048,200,300,0.0,setup,keysetup1,rcvd,316800
400000,16,2048,200,300,0.0,setup,keysetup1,sent,1114160
400000,16,2048,200,300,0.0,setup,keysetup1,rcvd,316800
400000,16,2048,200,300,0.0,setup,keysetup1,sent,1114128
400000,16,2048,200,300,0.0,setup,keysetup1,rcvd,316800
400000,16,2048,200,300,0.0,setup,keysetup1,sent,1114160
400000,16,2048,200,300,0.0,setup,keysetup1,rcvd,316800
400000,16,2048,200,300,0.0,setup,keysetup1,sent,1114152
400000,16,2048,200,300,0.0,setup,keysetup1,rcvd,316800
400000,16,2048,200,300,0.0,setup,keysetup1,sent,1112056
400000,16,2048,200,300,0.0,setup,keysetup1,rcvd,316800
400000,16,2048,200,300,0.0,setup,keysetup1,sent,1113936
400000,16,2048,200,300,0.0,setup,keysetup1,rcvd,316800
400000,16,2048,200,300,0.0,setup,keysetup1,sent,1113752
400000,16,2048,200,300,0.0,setup,keysetup1,rcvd,316800
400000,16,2048,200,300,0.0,setup,keysetup1,sent,1113936
400000,16,2048,200,300,0.0,setup,keysetup1,rcvd,316800
400000,16,2048,200,300,0.0,setup,keysetup1,sent,1114136
400000,16,2048,200,300,0.0,setup,keysetup1,rcvd,316800
400000,16,2048,200,300,0.0,setup,keysetup1,sent,1113952
400000,16,2048,200,300,0.0,setup,keysetup1,rcvd,316800
400000,16,2048,200,300,0.0,setup,keysetup1,sent,1113768
400000,16,2048,200,300,0.0,setup,keysetup1,rcvd,316800
400000,16,2048,200,300,0.0,setup,keysetup1,sent,1113416
400000,16,2048,200,300,0.0,setup,keysetup1,rcvd,316800
400000,16,2048,200,300,0.0,setup,keysetup1,sent,1114040
400000,16,2048,200,300,0.0,setup,keysetup1,rcvd,316800
400000,16,2048,200,300,0.0,setup,keysetup1,sent,1113608
400000,16,2048,200,300,0.0,setup,keysetup1,rcvd,316800
400000,16,2048,200,300,0.0,setup,keysetup1,sent,1113728
400000,16,2048,200,300,0.0,setup,keysetup1,rcvd,316800
400000,16,2048,200,300,0.0,setup,keysetup1,sent,1113424
400000,16,2048,200,300,0.0,setup,keysetup1,rcvd,316800
400000,16,2048,200,300,0.0,setup,keysetup1,sent,1113584
400000,16,2048,200,300,0.0,setup,keysetup1,rcvd,316800
400000,16,2048,200,300,0.0,setup,keysetup1,sent,1113280
400000,16,2048,200,300,0.0,setup,keysetup1,rcvd,316800
400000,16,2048,200,300,0.0,setup,keysetup1,sent,1112752
400000,16,2048,200,300,0.0,setup,keysetup1,rcvd,316800
400000,16,2048,200,300,0.0,setup,keysetup1,sent,1114032
400000,16,2048,200,300,0.0,setup,keysetup1,rcvd,316800
400000,16,2048,200,300,0.0,setup,keysetup1,sent,1113840
400000,16,2048,200,300,0.0,setup,keysetup1,rcvd,316800
400000,16,2048,200,300,0.0,setup,keysetup1,sent,1113912
400000,16,2048,200,300,0.0,setup,keysetup1,rcvd,316800
400000,16,2048,200,300,0.0,setup,keysetup1,sent,1113640
400000,16,2048,200,300,0.0,setup,keysetup1,rcvd,316800
400000,16,2048,200,300,0.0,setup,keysetup1,sent,1114008
400000,16,2048,200,300,0.0,setup,keysetup1,rcvd,316800
400000,16,2048,200,300,0.0,setup,keysetup1,sent,1113264
400000,16,2048,200,300,0.0,setup,keysetup1,rcvd,316800
400000,16,2048,200,300,0.0,setup,keysetup1,sent,1113904
400000,16,2048,200,300,0.0,setup,keysetup1,rcvd,316800
400000,16,2048,200,300,0.0,setup,keysetup1,sent,1113720
400000,16,2048,200,300,0.0,setup,keysetup1,rcvd,316800
400000,16,2048,200,300,0.0,setup,keysetup1,sent,1114000
400000,16,2048,200,300,0.0,setup,keysetup1,rcvd,316800
400000,16,2048,200,300,0.0,setup,keysetup1,sent,1113944
400000,16,2048,200,300,0.0,setup,keysetup1,rcvd,316800
400000,16,2048,200,300,0.0,setup,keysetup1,sent,1114048
400000,16,2048,200,300,0.0,setup,keysetup1,rcvd,316800
400000,16,2048,200,300,0.0,setup,keysetup1,sent,1114048
400000,16,2048,200,300,0.0,setup,keysetup1,rcvd,316800
400000,16,2048,200,300,0.0,setup,keysetup1,sent,1113704
400000,16,2048,200,300,0.0,setup,keysetup1,rcvd,316800
400000,16,2048,200,300,0.0,setup,keysetup1,sent,1113520
400000,16,2048,200,300,0.0,setup,keysetup1,rcvd,316800
400000,16,2048,200,300,0.0,setup,keysetup1,sent,1114056
400000,16,2048,200,300,0.0,setup,keysetup1,rcvd,316800
400000,16,2048,200,300,0.0,setup,keysetup1,sent,1114064
400000,16,2048,200,300,0.0,setup,keysetup1,rcvd,316800
400000,16,2048,200,300,0.0,setup,keysetup1,sent,1111816
400000,16,2048,200,300,0.0,setup,keysetup1,rcvd,316800
400000,16,2048,200,300,0.0,setup,keysetup1,sent,1113592
400000,16,2048,200,300,0.0,setup,keysetup1,rcvd,316800
400000,16,2048,200,300,0.0,setup,keysetup1,sent,1114024
400000,16,2048,200,300,0.0,setup,keysetup1,rcvd,316800
400000,16,2048,200,300,0.0,setup,keysetup1,sent,1113608
400000,16,2048,200,300,0.0,setup,keysetup1,rcvd,316800
400000,16,2048,200,300,0.0,setup,keysetup1,sent,1113688
400000,16,2048,200,300,0.0,setup,keysetup1,rcvd,316800
400000,16,2048,200,300,0.0,setup,keysetup1,sent,1113712
400000,16,2048,200,300,0.0,setup,keysetup1,rcvd,316800
400000,16,2048,200,300,0.0,setup,keysetup1,sent,1113824
400000,16,2048,200,300,0.0,setup,keysetup1,rcvd,316800
400000,16,2048,200,300,0.0,setup,keysetup1,sent,1113512
400000,16,2048,200,300,0.0,setup,keysetup1,rcvd,316800
400000,16,2048,200,300,0.0,setup,keysetup1,sent,1113960
400000,16,2048,200,300,0.0,setup,keysetup1,rcvd,316800
400000,16,2048,200,300,0.0,setup,keysetup1,sent,1113952
400000,16,2048,200,300,0.0,setup,keysetup1,rcvd,316800
400000,16,2048,200,300,0.0,setup,keysetup1,sent,1113592
400000,16,2048,200,300,0.0,setup,keysetup1,rcvd,316800
400000,16,2048,200,300,0.0,setup,keysetup1,sent,1113776
400000,16,2048,200,300,0.0,setup,keysetup1,rcvd,316800
400000,16,2048,200,300,0.0,setup,keysetup1,sent,1113840
400000,16,2048,200,300,0.0,setup,keysetup1,rcvd,316800
400000,16,2048,200,300,0.0,setup,keysetup1,sent,1113784
400000,16,2048,200,300,0.0,setup,keysetup1,rcvd,316800
400000,16,2048,200,300,0.0,setup,keysetup1,sent,1113928
400000,16,2048,200,300,0.0,setup,keysetup1,rcvd,316800
400000,16,2048,200,300,0.0,setup,keysetup1,sent,1113976
400000,16,2048,200,300,0.0,setup,keysetup1,rcvd,316800
400000,16,2048,200,300,0.0,setup,keysetup1,sent,1113976
400000,16,2048,200,300,0.0,setup,keysetup1,rcvd,316800
400000,16,2048,200,300,0.0,setup,keysetup1,sent,1113872
400000,16,2048,200,300,0.0,setup,keysetup1,rcvd,316800
400000,16,2048,200,300,0.0,setup,keysetup1,sent,1113744
400000,16,2048,200,300,0.0,setup,keysetup1,rcvd,316800
400000,16,2048,200,300,0.0,setup,keysetup1,sent,1113712
400000,16,2048,200,300,0.0,setup,keysetup1,rcvd,316800
400000,16,2048,200,300,0.0,setup,keysetup1,sent,1114000
400000,16,2048,200,300,0.0,setup,keysetup1,rcvd,316800
400000,16,2048,200,300,0.0,setup,keysetup1,sent,1113928
400000,16,2048,200,300,0.0,setup,keysetup1,rcvd,316800
400000,16,2048,200,300,0.0,setup,keysetup1,sent,1113648
400000,16,2048,200,300,0.0,setup,keysetup1,rcvd,316800
400000,16,2048,200,300,0.0,setup,keysetup1,sent,1113424
400000,16,2048,200,300,0.0,setup,keysetup1,rcvd,316800
400000,16,2048,200,300,0.0,setup,keysetup1,sent,1113512
400000,16,2048,200,300,0.0,setup,keysetup1,rcvd,316800
400000,16,2048,200,300,0.0,setup,keysetup1,sent,1114016
400000,16,2048,200,300,0.0,setup,keysetup1,rcvd,316800
400000,16,2048,200,300,0.0,setup,keysetup1,sent,1113976
400000,16,2048,200,300,0.0,setup,keysetup1,rcvd,316800
400000,16,2048,200,300,0.0,setup,keysetup1,sent,1113928
400000,16,2048,200,300,0.0,setup,keysetup1,rcvd,316800
400000,16,2048,200,300,0.0,setup,keysetup1,sent,1113552
400000,16,2048,200,300,0.0,setup,keysetup1,rcvd,316800
400000,16,2048,200,300,0.0,setup,keysetup1,sent,1113376
400000,16,2048,200,300,0.0,setup,keysetup1,rcvd,316800
400000,16,2048,200,300,0.0,setup,keysetup1,sent,1113632
400000,16,2048,200,300,0.0,setup,keysetup1,rcvd,316800
400000,16,2048,200,300,0.0,setup,keysetup1,sent,1113680
400000,16,2048,200,300,0.0,setup,keysetup1,rcvd,316800
400000,16,2048,200,300,0.0,setup,keysetup1,sent,1112984
400000,16,2048,200,300,0.0,setup,keysetup1,rcvd,316800
400000,16,2048,200,300,0.0,setup,keysetup1,sent,1113728
400000,16,2048,200,300,0.0,setup,keysetup1,rcvd,316800
400000,16,2048,200,300,0.0,setup,keysetup1,sent,1113464
400000,16,2048,200,300,0.0,setup,keysetup1,rcvd,316800
400000,16,2048,200,300,0.0,setup,keysetup1,sent,1113880
400000,16,2048,200,300,0.0,setup,keysetup1,rcvd,316800
400000,16,2048,200,300,0.0,setup,keysetup1,sent,1113104
400000,16,2048,200,300,0.0,setup,keysetup1,rcvd,316800
400000,16,2048,200,300,0.0,setup,keysetup1,sent,1113840
400000,16,2048,200,300,0.0,setup,keysetup1,rcvd,316800
400000,16,2048,200,300,0.0,setup,keysetup1,sent,1113592
400000,16,2048,200,300,0.0,setup,keysetup1,rcvd,316800
400000,16,2048,200,300,0.0,setup,keysetup1,sent,1113688
400000,16,2048,200,300,0.0,setup,keysetup1,rcvd,316800
400000,16,2048,200,300,0.0,setup,keysetup1,sent,1113920
400000,16,2048,200,300,0.0,setup,keysetup1,rcvd,316800
400000,16,2048,200,300,0.0,setup,keysetup1,sent,1113920
400000,16,2048,200,300,0.0,setup,keysetup1,rcvd,316800
400000,16,2048,200,300,0.0,setup,keysetup1,sent,1113776
400000,16,2048,200,300,0.0,setup,keysetup1,rcvd,316800
400000,16,2048,200,300,0.0,setup,keysetup1,sent,1112464
400000,16,2048,200,300,0.0,setup,keysetup1,rcvd,316800
400000,16,2048,200,300,0.0,setup,keysetup1,sent,1113288
400000,16,2048,200,300,0.0,setup,keysetup1,rcvd,316800
400000,16,2048,200,300,0.0,setup,keysetup1,sent,1113936
400000,16,2048,200,300,0.0,setup,keysetup1,rcvd,316800
400000,16,2048,200,300,0.0,setup,keysetup1,sent,1113520
400000,16,2048,200,300,0.0,setup,keysetup1,rcvd,316800
400000,16,2048,200,300,0.0,setup,keysetup1,sent,1113936
400000,16,2048,200,300,0.0,setup,keysetup1,rcvd,316800
400000,16,2048,200,300,0.0,setup,keysetup1,sent,1113944
400000,16,2048,200,300,0.0,setup,keysetup1,rcvd,316800
400000,16,2048,200,300,0.0,setup,keysetup1,sent,1113560
400000,16,2048,200,300,0.0,setup,keysetup1,rcvd,316800
400000,16,2048,200,300,0.0,setup,keysetup1,sent,1112624
400000,16,2048,200,300,0.0,setup,keysetup1,rcvd,316800
400000,16,2048,200,300,0.0,setup,keysetup1,sent,1112480
400000,16,2048,200,300,0.0,setup,keysetup1,rcvd,316800
400000,16,2048,200,300,0.0,setup,keysetup1,sent,1113232
400000,16,2048,200,300,0.0,setup,keysetup1,rcvd,316800
400000,16,2048,200,300,0.0,setup,keysetup1,sent,1113960
400000,16,2048,200,300,0.0,setup,keysetup1,rcvd,316800
400000,16,2048,200,300,0.0,setup,keysetup1,sent,1113592
400000,16,2048,200,300,0.0,setup,keysetup1,rcvd,316800
400000,16,2048,200,300,0.0,setup,keysetup1,sent,1113888
400000,16,2048,200,300,0.0,setup,keysetup1,rcvd,316800
400000,16,2048,200,300,0.0,setup,keysetup1,sent,1113432
400000,16,2048,200,300,0.0,setup,keysetup1,rcvd,316800
400000,16,2048,200,300,0.0,setup,keysetup1,sent,1113088
400000,16,2048,200,300,0.0,setup,keysetup1,rcvd,316800
400000,16,2048,200,300,0.0,setup,keysetup1,sent,1113696
400000,16,2048,200,300,0.0,setup,keysetup1,rcvd,316800
400000,16,2048,200,300,0.0,setup,keysetup1,sent,1112224
400000,16,2048,200,300,0.0,setup,keysetup1,rcvd,316800
400000,16,2048,200,300,0.0,setup,keysetup1,sent,1113752
400000,16,2048,200,300,0.0,setup,keysetup1,rcvd,316800
400000,16,2048,200,300,0.0,setup,keysetup1,sent,1113000
400000,16,2048,200,300,0.0,setup,keysetup1,rcvd,316800
400000,16,2048,200,300,0.0,setup,keysetup1,sent,1113288
400000,16,2048,200,300,0.0,setup,keysetup1,rcvd,316800
400000,16,2048,200,300,0.0,setup,keysetup1,sent,1113304
400000,16,2048,200,300,0.0,setup,keysetup1,rcvd,316800
400000,16,2048,200,300,0.0,setup,keysetup1,sent,1113504
400000,16,2048,200,300,0.0,setup,keysetup1,rcvd,316800
400000,16,2048,200,300,0.0,setup,keysetup1,sent,1113944
400000,16,2048,200,300,0.0,setup,keysetup1,rcvd,316800
400000,16,2048,200,300,0.0,setup,keysetup1,sent,1113888
400000,16,2048,200,300,0.0,setup,keysetup1,rcvd,316800
400000,16,2048,200,300,0.0,setup,keysetup1,sent,1113704
400000,16,2048,200,300,0.0,setup,keysetup1,rcvd,316800
400000,16,2048,200,300,0.0,setup,keysetup1,sent,1113120
400000,16,2048,200,300,0.0,setup,keysetup1,rcvd,316800
400000,16,2048,200,300,0.0,setup,keysetup1,sent,1113760
400000,16,2048,200,300,0.0,setup,keysetup1,rcvd,316800
400000,16,2048,200,300,0.0,setup,keysetup1,sent,1112768
400000,16,2048,200,300,0.0,setup,keysetup1,rcvd,316800
400000,16,2048,200,300,0.0,setup,keysetup1,sent,1113048
400000,16,2048,200,300,0.0,setup,keysetup1,rcvd,316800
400000,16,2048,200,300,0.0,setup,keysetup1,sent,1113784
400000,16,2048,200,300,0.0,setup,keysetup1,rcvd,316800
400000,16,2048,200,300,0.0,setup,keysetup1,sent,1113312
400000,16,2048,200,300,0.0,setup,keysetup1,rcvd,316800
400000,16,2048,200,300,0.0,setup,keysetup1,sent,1113528
400000,16,2048,200,300,0.0,setup,keysetup1,rcvd,316800
400000,16,2048,200,300,0.0,setup,keysetup1,sent,1112504
400000,16,2048,200,300,0.0,setup,keysetup1,rcvd,316800
400000,16,2048,200,300,0.0,setup,keysetup1,sent,1113736
400000,16,2048,200,300,0.0,setup,keysetup1,rcvd,316800
400000,16,2048,200,300,0.0,setup,keysetup1,sent,1113928
400000,16,2048,200,300,0.0,setup,keysetup1,rcvd,316800
400000,16,2048,200,300,0.0,setup,keysetup1,sent,1113800
400000,16,2048,200,300,0.0,setup,keysetup1,rcvd,316800
400000,16,2048,200,300,0.0,setup,keysetup1,sent,1113800
400000,16,2048,200,300,0.0,setup,keysetup1,rcvd,316800
400000,16,2048,200,300,0.0,setup,keysetup1,sent,1113664
400000,16,2048,200,300,0.0,setup,keysetup1,rcvd,316800
400000,16,2048,200,300,0.0,setup,keysetup1,sent,1113520
400000,16,2048,200,300,0.0,setup,keysetup1,rcvd,316800
400000,16,2048,200,300,0.0,setup,keysetup1,sent,1113648
400000,16,2048,200,300,0.0,setup,keysetup1,rcvd,316800
400000,16,2048,200,300,0.0,setup,keysetup1,sent,1113648
400000,16,2048,200,300,0.0,setup,keysetup1,rcvd,316800
400000,16,2048,200,300,0.0,setup,keysetup1,sent,1113864
400000,16,2048,200,300,0.0,setup,keysetup1,rcvd,316800
400000,16,2048,200,300,0.0,setup,keysetup1,sent,1113872
400000,16,2048,200,300,0.0,setup,keysetup1,rcvd,316800
400000,16,2048,200,300,0.0,setup,keysetup1,sent,1112160
400000,16,2048,200,300,0.0,setup,keysetup1,rcvd,316800
400000,16,2048,200,300,0.0,setup,keysetup1,sent,1113872
400000,16,2048,200,300,0.0,setup,keysetup1,rcvd,316800
400000,16,2048,200,300,0.0,setup,keysetup1,sent,1113632
400000,16,2048,200,300,0.0,setup,keysetup1,rcvd,316800
400000,16,2048,200,300,0.0,setup,keysetup1,sent,1113888
400000,16,2048,200,300,0.0,setup,keysetup1,rcvd,316800
400000,16,2048,200,300,0.0,setup,keysetup1,sent,1113472
400000,16,2048,200,300,0.0,setup,keysetup1,rcvd,316800
400000,16,2048,200,300,0.0,setup,keysetup1,sent,1113608
400000,16,2048,200,300,0.0,setup,keysetup1,rcvd,316800
400000,16,2048,200,300,0.0,setup,keysetup1,sent,1113632
400000,16,2048,200,300,0.0,setup,keysetup1,rcvd,316800
400000,16,2048,200,300,0.0,setup,keysetup1,sent,1113632
400000,16,2048,200,300,0.0,setup,keysetup1,rcvd,316800
400000,16,2048,200,300,0.0,setup,keysetup1,sent,1113504
400000,16,2048,200,300,0.0,setup,keysetup1,rcvd,316800
400000,16,2048,200,300,0.0,setup,keysetup1,sent,1112656
400000,16,2048,200,300,0.0,setup,keysetup1,rcvd,316800
400000,16,2048,200,300,0.0,setup,keysetup1,sent,1113840
400000,16,2048,200,300,0.0,setup,keysetup1,rcvd,316800
400000,16,2048,200,300,0.0,setup,keysetup1,sent,1113784
400000,16,2048,200,300,0.0,setup,keysetup1,rcvd,316800
400000,16,2048,200,300,0.0,setup,keysetup1,sent,1113872
400000,16,2048,200,300,0.0,setup,keysetup1,rcvd,316800
400000,16,2048,200,300,0.0,setup,keysetup1,sent,1113832
400000,16,2048,200,300,0.0,setup,keysetup1,rcvd,316800
400000,16,2048,200,300,0.0,setup,keysetup1,sent,1113888
400000,16,2048,200,300,0.0,setup,keysetup1,rcvd,316800
400000,16,2048,200,300,0.0,setup,keysetup1,sent,1113872
400000,16,2048,200,300,0.0,setup,keysetup1,rcvd,316800
400000,16,2048,200,300,0.0,setup,keysetup1,sent,1113880
400000,16,2048,200,300,0.0,setup,keysetup1,rcvd,316800
400000,16,2048,200,300,0.0,setup,keysetup1,sent,1113680
400000,16,2048,200,300,0.0,setup,keysetup1,rcvd,316800
400000,16,2048,200,300,0.0,setup,keysetup1,sent,1113488
400000,16,2048,200,300,0.0,setup,keysetup1,rcvd,316800
400000,16,2048,200,300,0.0,setup,keysetup1,sent,1113352
400000,16,2048,200,300,0.0,setup,keysetup1,rcvd,316800
400000,16,2048,200,300,0.0,setup,keysetup1,sent,1113832
400000,16,2048,200,300,0.0,setup,keysetup1,rcvd,316800
400000,16,2048,200,300,0.0,setup,keysetup1,sent,1113848
400000,16,2048,200,300,0.0,setup,keysetup1,rcvd,316800
400000,16,2048,200,300,0.0,setup,keysetup1,sent,1113360
400000,16,2048,200,300,0.0,setup,keysetup1,rcvd,316800
400000,16,2048,200,300,0.0,setup,keysetup1,sent,1113680
400000,16,2048,200,300,0.0,setup,keysetup1,rcvd,316800
400000,16,2048,200,300,0.0,setup,keysetup1,sent,1113432
400000,16,2048,200,300,0.0,setup,keysetup1,rcvd,316800
400000,16,2048,200,300,0.0,setup,keysetup1,sent,1113840
400000,16,2048,200,300,0.0,setup,keysetup1,rcvd,316800
400000,16,2048,200,300,0.0,setup,keysetup1,sent,1113832
400000,16,2048,200,300,0.0,setup,keysetup1,rcvd,316800
400000,16,2048,200,300,0.0,setup,keysetup1,sent,1113464
400000,16,2048,200,300,0.0,setup,keysetup1,rcvd,316800
400000,16,2048,200,300,0.0,setup,keysetup1,sent,1113808
400000,16,2048,200,300,0.0,setup,keysetup1,rcvd,316800
400000,16,2048,200,300,0.0,setup,keysetup1,sent,1113616
400000,16,2048,200,300,0.0,setup,keysetup1,rcvd,316800
400000,16,2048,200,300,0.0,setup,keysetup1,sent,1113184
400000,16,2048,200,300,0.0,setup,keysetup1,rcvd,316800
400000,16,2048,200,300,0.0,setup,keysetup1,sent,1113176
400000,16,2048,200,300,0.0,setup,keysetup1,rcvd,316800
400000,16,2048,200,300,0.0,setup,keysetup1,sent,1113856
400000,16,2048,200,300,0.0,setup,keysetup1,rcvd,316800
400000,16,2048,200,300,0.0,setup,keysetup1,sent,1113184
400000,16,2048,200,300,0.0,setup,keysetup1,rcvd,316800
400000,16,2048,200,300,0.0,setup,keysetup1,sent,1113600
400000,16,2048,200,300,0.0,setup,keysetup1,rcvd,316800
400000,16,2048,200,300,0.0,setup,keysetup1,sent,1112736
400000,16,2048,200,300,0.0,setup,keysetup1,rcvd,316800
400000,16,2048,200,300,0.0,setup,keysetup1,sent,1113608
400000,16,2048,200,300,0.0,setup,keysetup1,rcvd,316800
400000,16,2048,200,300,0.0,setup,keysetup1,sent,1113216
400000,16,2048,200,300,0.0,setup,keysetup1,rcvd,316800
400000,16,2048,200,300,0.0,setup,keysetup1,sent,1113648
400000,16,2048,200,300,0.0,setup,keysetup1,rcvd,316800
400000,16,2048,200,300,0.0,setup,keysetup1,sent,1112528
400000,16,2048,200,300,0.0,setup,keysetup1,rcvd,316800
400000,16,2048,200,300,0.0,setup,keysetup1,sent,1113384
400000,16,2048,200,300,0.0,setup,keysetup1,rcvd,316800
400000,16,2048,200,300,0.0,setup,keysetup1,sent,1113328
400000,16,2048,200,300,0.0,setup,keysetup1,rcvd,316800
400000,16,2048,200,300,0.0,setup,keysetup1,sent,1113432
400000,16,2048,200,300,0.0,setup,keysetup1,rcvd,316800
400000,16,2048,200,300,0.0,setup,keysetup1,sent,1113600
400000,16,2048,200,300,0.0,setup,keysetup1,rcvd,316800
400000,16,2048,200,300,0.0,setup,keysetup1,sent,1113144
400000,16,2048,200,300,0.0,setup,keysetup1,rcvd,316800
400000,16,2048,200,300,0.0,setup,keysetup1,sent,1113592
400000,16,2048,200,300,0.0,setup,keysetup1,rcvd,316800
400000,16,2048,200,300,0.0,setup,keysetup1,sent,1113696
400000,16,2048,200,300,0.0,setup,keysetup1,rcvd,316800
400000,16,2048,200,300,0.0,setup,keysetup1,sent,1113736
400000,16,2048,200,300,0.0,setup,keysetup1,rcvd,316800
400000,16,2048,200,300,0.0,setup,keysetup1,sent,1113824
400000,16,2048,200,300,0.0,setup,keysetup1,rcvd,316800
400000,16,2048,200,300,0.0,setup,keysetup1,sent,1113232
400000,16,2048,200,300,0.0,setup,keysetup1,rcvd,316800
400000,16,2048,200,300,0.0,setup,keysetup1,sent,1113696
400000,16,2048,200,300,0.0,setup,keysetup1,rcvd,316800
400000,16,2048,200,300,0.0,setup,keysetup1,sent,1113160
400000,16,2048,200,300,0.0,setup,keysetup1,rcvd,316800
400000,16,2048,200,300,0.0,setup,keysetup1,sent,1112464
400000,16,2048,200,300,0.0,setup,keysetup1,rcvd,316800
400000,16,2048,200,300,0.0,setup,keysetup1,sent,1112040
400000,16,2048,200,300,0.0,setup,keysetup1,rcvd,316800
400000,16,2048,200,300,0.0,setup,keysetup1,sent,1113312
400000,16,2048,200,300,0.0,setup,keysetup1,rcvd,316800
400000,16,2048,200,300,0.0,setup,keysetup1,sent,1113840
400000,16,2048,200,300,0.0,setup,keysetup1,rcvd,316800
400000,16,2048,200,300,0.0,setup,keysetup1,sent,1113800
400000,16,2048,200,300,0.0,setup,keysetup1,rcvd,316800
400000,16,2048,200,300,0.0,setup,keysetup1,sent,1113440
400000,16,2048,200,300,0.0,setup,keysetup1,rcvd,316800
400000,16,2048,200,300,0.0,setup,keysetup1,sent,1113112
400000,16,2048,200,300,0.0,setup,keysetup1,rcvd,316800
400000,16,2048,200,300,0.0,setup,keysetup1,sent,1113584
400000,16,2048,200,300,0.0,setup,keysetup1,rcvd,316800
400000,16,2048,200,300,0.0,setup,keysetup1,sent,1113384
400000,16,2048,200,300,0.0,setup,keysetup1,rcvd,316800
400000,16,2048,200,300,0.0,setup,keysetup1,sent,1113200
400000,16,2048,200,300,0.0,setup,keysetup1,rcvd,316800
400000,16,2048,200,300,0.0,setup,keysetup1,sent,1113648
400000,16,2048,200,300,0.0,setup,keysetup1,rcvd,316800
400000,16,2048,200,300,0.0,setup,keysetup1,sent,1113552
400000,16,2048,200,300,0.0,setup,keysetup1,rcvd,316800
400000,16,2048,200,300,0.0,setup,keysetup1,sent,1113072
400000,16,2048,200,300,0.0,setup,keysetup1,rcvd,316800
400000,16,2048,200,300,0.0,setup,keysetup1,sent,1113224
400000,16,2048,200,300,0.0,setup,keysetup1,rcvd,316800
400000,16,2048,200,300,0.0,setup,keysetup1,sent,1113736
400000,16,2048,200,300,0.0,setup,keysetup1,rcvd,316800
400000,16,2048,200,300,0.0,setup,keysetup1,sent,1112904
400000,16,2048,200,300,0.0,setup,keysetup1,rcvd,316800
400000,16,2048,200,300,0.0,setup,keysetup1,sent,1113560
400000,16,2048,200,300,0.0,setup,keysetup1,rcvd,316800
400000,16,2048,200,300,0.0,setup,keysetup1,sent,1113672
400000,16,2048,200,300,0.0,setup,keysetup1,rcvd,316800
400000,16,2048,200,300,0.0,setup,keysetup1,sent,1113304
400000,16,2048,200,300,0.0,setup,keysetup1,rcvd,316800
400000,16,2048,200,300,0.0,setup,keysetup1,sent,1113312
400000,16,2048,200,300,0.0,setup,keysetup1,rcvd,316800
400000,16,2048,200,300,0.0,setup,keysetup1,sent,1111888
400000,16,2048,200,300,0.0,setup,keysetup1,rcvd,316800
400000,16,2048,200,300,0.0,setup,keysetup1,sent,1113456
400000,16,2048,200,300,0.0,setup,keysetup1,rcvd,316800
400000,16,2048,200,300,0.0,setup,keysetup1,sent,1113728
400000,16,2048,200,300,0.0,setup,keysetup1,rcvd,316800
400000,16,2048,200,300,0.0,setup,keysetup1,sent,1113824
400000,16,2048,200,300,0.0,setup,keysetup1,rcvd,316800
400000,16,2048,200,300,0.0,setup,keysetup1,sent,1113632
400000,16,2048,200,300,0.0,setup,keysetup1,rcvd,316800
400000,16,2048,200,300,0.0,setup,keysetup1,sent,1113640
400000,16,2048,200,300,0.0,setup,keysetup1,rcvd,316800
400000,16,2048,200,300,0.0,setup,keysetup1,sent,1113352
400000,16,2048,200,300,0.0,setup,keysetup1,rcvd,316800
400000,16,2048,200,300,0.0,setup,keysetup1,sent,1113696
400000,16,2048,200,300,0.0,setup,keysetup1,rcvd,316800
400000,16,2048,200,300,0.0,setup,keysetup1,sent,1113816
400000,16,2048,200,300,0.0,setup,keysetup1,rcvd,316800
400000,16,2048,200,300,0.0,setup,keysetup1,sent,1113568
400000,16,2048,200,300,0.0,setup,keysetup1,rcvd,316800
400000,16,2048,200,300,0.0,setup,keysetup1,sent,1113664
400000,16,2048,200,300,0.0,setup,keysetup1,rcvd,316800
400000,16,2048,200,300,0.0,setup,keysetup1,sent,1113720
400000,16,2048,200,300,0.0,setup,keysetup1,rcvd,316800
400000,16,2048,200,300,0.0,setup,keysetup1,sent,1112824
400000,16,2048,200,300,0.0,setup,keysetup1,rcvd,316800
400000,16,2048,200,300,0.0,setup,keysetup1,sent,1112816
400000,16,2048,200,300,0.0,setup,keysetup1,rcvd,316800
400000,16,2048,200,300,0.0,setup,keysetup1,sent,1113792
400000,16,2048,200,300,0.0,setup,keysetup1,rcvd,316800
400000,16,2048,200,300,0.0,setup,keysetup1,sent,1113408
400000,16,2048,200,300,0.0,setup,keysetup1,rcvd,316800
400000,16,2048,200,300,0.0,setup,keysetup1,sent,1113272
400000,16,2048,200,300,0.0,setup,keysetup1,rcvd,316800
400000,16,2048,200,300,0.0,setup,keysetup1,sent,1112240
400000,16,2048,200,300,0.0,setup,keysetup1,rcvd,316800
400000,16,2048,200,300,0.0,setup,keysetup1,sent,1113336
400000,16,2048,200,300,0.0,setup,keysetup1,rcvd,316800
400000,16,2048,200,300,0.0,setup,keysetup1,sent,1113784
400000,16,2048,200,300,0.0,setup,keysetup1,rcvd,316800
400000,16,2048,200,300,0.0,setup,keysetup1,sent,1113720
400000,16,2048,200,300,0.0,setup,keysetup1,rcvd,316800
400000,16,2048,200,300,0.0,setup,keysetup1,sent,1113456
400000,16,2048,200,300,0.0,setup,keysetup1,rcvd,316800
400000,16,2048,200,300,0.0,setup,keysetup1,sent,1113736
400000,16,2048,200,300,0.0,setup,keysetup1,rcvd,316800
400000,16,2048,200,300,0.0,setup,keysetup1,sent,1113376
400000,16,2048,200,300,0.0,setup,keysetup1,rcvd,316800
400000,16,2048,200,300,0.0,setup,keysetup1,sent,1113040
400000,16,2048,200,300,0.0,setup,keysetup1,rcvd,316800
400000,16,2048,200,300,0.0,setup,keysetup1,sent,1113144
400000,16,2048,200,300,0.0,setup,keysetup1,rcvd,316800
400000,16,2048,200,300,0.0,setup,keysetup1,sent,1113448
400000,16,2048,200,300,0.0,setup,keysetup2,rcvd,710416
400000,16,2048,200,300,0.0,setup,keysetup2,rcvd,767832
400000,16,2048,200,300,0.0,setup,keysetup2,rcvd,803712
400000,16,2048,200,300,0.0,setup,keysetup2,rcvd,827632
400000,16,2048,200,300,0.0,setup,keysetup2,rcvd,846768
400000,16,2048,200,300,0.0,setup,keysetup2,rcvd,863280
400000,16,2048,200,300,0.0,setup,keysetup2,rcvd,875472
400000,16,2048,200,300,0.0,setup,keysetup2,rcvd,887432
400000,16,2048,200,300,0.0,setup,keysetup2,rcvd,897000
400000,16,2048,200,300,0.0,setup,keysetup2,rcvd,906552
400000,16,2048,200,300,0.0,setup,keysetup2,rcvd,914480
400000,16,2048,200,300,0.0,setup,keysetup2,rcvd,922440
400000,16,2048,200,300,0.0,setup,keysetup2,rcvd,928776
400000,16,2048,200,300,0.0,setup,keysetup2,rcvd,935264
400000,16,2048,200,300,0.0,setup,keysetup2,rcvd,941592
400000,16,2048,200,300,0.0,setup,keysetup2,rcvd,947072
400000,16,2048,200,300,0.0,setup,keysetup2,rcvd,951992
400000,16,2048,200,300,0.0,setup,keysetup2,rcvd,956792
400000,16,2048,200,300,0.0,setup,keysetup2,rcvd,961560
400000,16,2048,200,300,0.0,setup,keysetup2,rcvd,966216
400000,16,2048,200,300,0.0,setup,keysetup2,rcvd,970616
400000,16,2048,200,300,0.0,setup,keysetup2,rcvd,973544
400000,16,2048,200,300,0.0,setup,keysetup2,rcvd,978176
400000,16,2048,200,300,0.0,setup,keysetup2,rcvd,981368
400000,16,2048,200,300,0.0,setup,keysetup2,rcvd,985352
400000,16,2048,200,300,0.0,setup,keysetup2,rcvd,987896
400000,16,2048,200,300,0.0,setup,keysetup2,rcvd,992192
400000,16,2048,200,300,0.0,setup,keysetup2,rcvd,994968
400000,16,2048,200,300,0.0,setup,keysetup2,rcvd,997464
400000,16,2048,200,300,0.0,setup,keysetup2,rcvd,1000584
400000,16,2048,200,300,0.0,setup,keysetup2,rcvd,1004040
400000,16,2048,200,300,0.0,setup,keysetup2,rcvd,1006792
400000,16,2048,200,300,0.0,setup,keysetup2,rcvd,1009256
400000,16,2048,200,300,0.0,setup,keysetup2,rcvd,1011688
400000,16,2048,200,300,0.0,setup,keysetup2,rcvd,1014104
400000,16,2048,200,300,0.0,setup,keysetup2,rcvd,1016496
400000,16,2048,200,300,0.0,setup,keysetup2,rcvd,1018888
400000,16,2048,200,300,0.0,setup,keysetup2,rcvd,1021240
400000,16,2048,200,300,0.0,setup,keysetup2,rcvd,1023608
400000,16,2048,200,300,0.0,setup,keysetup2,rcvd,1025928
400000,16,2048,200,300,0.0,setup,keysetup2,rcvd,1028016
400000,16,2048,200,300,0.0,setup,keysetup2,rcvd,1029816
400000,16,2048,200,300,0.0,setup,keysetup2,rcvd,1030952
400000,16,2048,200,300,0.0,setup,keysetup2,rcvd,1033344
400000,16,2048,200,300,0.0,setup,keysetup2,rcvd,1035632
400000,16,2048,200,300,0.0,setup,keysetup2,rcvd,1037904
400000,16,2048,200,300,0.0,setup,keysetup2,rcvd,1039568
400000,16,2048,200,300,0.0,setup,keysetup2,rcvd,1040520
400000,16,2048,200,300,0.0,setup,keysetup2,rcvd,1042840
400000,16,2048,200,300,0.0,setup,keysetup2,rcvd,1045080
400000,16,2048,200,300,0.0,setup,keysetup2,rcvd,1046304
400000,16,2048,200,300,0.0,setup,keysetup2,rcvd,1047672
400000,16,2048,200,300,0.0,setup,keysetup2,rcvd,1049912
400000,16,2048,200,300,0.0,setup,keysetup2,rcvd,1051424
400000,16,2048,200,300,0.0,setup,keysetup2,rcvd,1052464
400000,16,2048,200,300,0.0,setup,keysetup2,rcvd,1054688
400000,16,2048,200,300,0.0,setup,keysetup2,rcvd,1055816
400000,16,2048,200,300,0.0,setup,keysetup2,rcvd,1057200
400000,16,2048,200,300,0.0,setup,keysetup2,rcvd,1059320
400000,16,2048,200,300,0.0,setup,keysetup2,rcvd,1059656
400000,16,2048,200,300,0.0,setup,keysetup2,rcvd,1061888
400000,16,2048,200,300,0.0,setup,keysetup2,rcvd,1063152
400000,16,2048,200,300,0.0,setup,keysetup2,rcvd,1064376
400000,16,2048,200,300,0.0,setup,keysetup2,rcvd,1066272
400000,16,2048,200,300,0.0,setup,keysetup2,rcvd,1066800
400000,16,2048,200,300,0.0,setup,keysetup2,rcvd,1068944
400000,16,2048,200,300,0.0,setup,keysetup2,rcvd,1069224
400000,16,2048,200,300,0.0,setup,keysetup2,rcvd,1071408
400000,16,2048,200,300,0.0,setup,keysetup2,rcvd,1071616
400000,16,2048,200,300,0.0,setup,keysetup2,rcvd,1073824
400000,16,2048,200,300,0.0,setup,keysetup2,rcvd,1074008
400000,16,2048,200,300,0.0,setup,keysetup2,rcvd,1076216
400000,16,2048,200,300,0.0,setup,keysetup2,rcvd,1076400
400000,16,2048,200,300,0.0,setup,keysetup2,rcvd,1078608
400000,16,2048,200,300,0.0,setup,keysetup2,rcvd,1078792
400000,16,2048,200,300,0.0,setup,keysetup2,rcvd,1080976
400000,16,2048,200,300,0.0,setup,keysetup2,rcvd,1081176
400000,16,2048,200,300,0.0,setup,keysetup2,rcvd,1083272
400000,16,2048,200,300,0.0,setup,keysetup2,rcvd,1083544
400000,16,2048,200,300,0.0,setup,keysetup2,rcvd,1085416
400000,16,2048,200,300,0.0,setup,keysetup2,rcvd,1085896
400000,16,2048,200,300,0.0,setup,keysetup2,rcvd,1087256
400000,16,2048,200,300,0.0,setup,keysetup2,rcvd,1088240
400000,16,2048,200,300,0.0,setup,keysetup2,rcvd,1088496
400000,16,2048,200,300,0.0,setup,keysetup2,rcvd,1090560
400000,16,2048,200,300,0.0,setup,keysetup2,rcvd,1090728
400000,16,2048,200,300,0.0,setup,keysetup2,rcvd,1092600
400000,16,2048,200,300,0.0,setup,keysetup2,rcvd,1093072
400000,16,2048,200,300,0.0,setup,keysetup2,rcvd,1093952
400000,16,2048,200,300,0.0,setup,keysetup2,rcvd,1095352
400000,16,2048,200,300,0.0,setup,keysetup2,rcvd,1095520
400000,16,2048,200,300,0.0,setup,keysetup2,rcvd,1097392
400000,16,2048,200,300,0.0,setup,keysetup2,rcvd,1097848
400000,16,2048,200,300,0.0,setup,keysetup2,rcvd,1098472
400000,16,2048,200,300,0.0,setup,keysetup2,rcvd,1100112
400000,16,2048,200,300,0.0,setup,keysetup2,rcvd,1100280
400000,16,2048,200,300,0.0,setup,keysetup2,rcvd,1101760
400000,16,2048,200,300,0.0,setup,keysetup2,rcvd,1102552
400000,16,2048,200,300,0.0,setup,keysetup2,rcvd,1102696
400000,16,2048,200,300,0.0,setup,keysetup2,rcvd,1104552
400000,16,2048,200,300,0.0,setup,keysetup2,rcvd,1105000
400000,16,2048,200,300,0.0,setup,keysetup2,rcvd,1105104
400000,16,2048,200,300,0.0,setup,keysetup2,rcvd,1107128
400000,16,2048,200,300,0.0,setup,keysetup2,rcvd,1107416
400000,16,2048,200,300,0.0,setup,keysetup2,rcvd,1107744
400000,16,2048,200,300,0.0,setup,keysetup2,rcvd,1109600
400000,16,2048,200,300,0.0,setup,keysetup2,rcvd,1109816
400000,16,2048,200,300,0.0,setup,keysetup2,rcvd,1110280
400000,16,2048,200,300,0.0,setup,keysetup2,rcvd,1111992
400000,16,2048,200,300,0.0,setup,keysetup2,rcvd,1112208
400000,16,2048,200,300,0.0,setup,keysetup2,rcvd,1112472
400000,16,2048,200,300,0.0,setup,keysetup2,rcvd,1114312
400000,16,2048,200,300,0.0,setup,keysetup2,rcvd,1114584
400000,16,2048,200,300,0.0,setup,keysetup2,rcvd,1114672
400000,16,2048,200,300,0.0,setup,keysetup2,rcvd,1116544
400000,16,2048,200,300,0.0,setup,keysetup2,rcvd,1116960
400000,16,2048,200,300,0.0,setup,keysetup2,rcvd,1117040
400000,16,2048,200,300,0.0,setup,keysetup2,rcvd,1118640
400000,16,2048,200,300,0.0,setup,keysetup2,rcvd,1119288
400000,16,2048,200,300,0.0,setup,keysetup2,rcvd,1119416
400000,16,2048,200,300,0.0,setup,keysetup2,rcvd,1120488
400000,16,2048,200,300,0.0,setup,keysetup2,rcvd,1121624
400000,16,2048,200,300,0.0,setup,keysetup2,rcvd,1121776
400000,16,2048,200,300,0.0,setup,keysetup2,rcvd,1121848
400000,16,2048,200,300,0.0,setup,keysetup2,rcvd,1123696
400000,16,2048,200,300,0.0,setup,keysetup2,rcvd,1124088
400000,16,2048,200,300,0.0,setup,keysetup2,rcvd,1124208
400000,16,2048,200,300,0.0,setup,keysetup2,rcvd,1125440
400000,16,2048,200,300,0.0,setup,keysetup2,rcvd,1126408
400000,16,2048,200,300,0.0,setup,keysetup2,rcvd,1126552
400000,16,2048,200,300,0.0,setup,keysetup2,rcvd,1126616
400000,16,2048,200,300,0.0,setup,keysetup2,rcvd,1128328
400000,16,2048,200,300,0.0,setup,keysetup2,rcvd,1128848
400000,16,2048,200,300,0.0,setup,keysetup2,rcvd,1128968
400000,16,2048,200,300,0.0,setup,keysetup2,rcvd,1129464
400000,16,2048,200,300,0.0,setup,keysetup2,rcvd,1130976
400000,16,2048,200,300,0.0,setup,keysetup2,rcvd,1131264
400000,16,2048,200,300,0.0,setup,keysetup2,rcvd,1131376
400000,16,2048,200,300,0.0,setup,keysetup2,rcvd,1132232
400000,16,2048,200,300,0.0,setup,keysetup2,rcvd,1133472
400000,16,2048,200,300,0.0,setup,keysetup2,rcvd,1133696
400000,16,2048,200,300,0.0,setup,keysetup2,rcvd,1133776
400000,16,2048,200,300,0.0,setup,keysetup2,rcvd,1134800
400000,16,2048,200,300,0.0,setup,keysetup2,rcvd,1135896
400000,16,2048,200,300,0.0,setup,keysetup2,rcvd,1136088
400000,16,2048,200,300,0.0,setup,keysetup2,rcvd,1136168
400000,16,2048,200,300,0.0,setup,keysetup2,rcvd,1137104
400000,16,2048,200,300,0.0,setup,keysetup2,rcvd,1138240
400000,16,2048,200,300,0.0,setup,keysetup2,rcvd,1138456
400000,16,2048,200,300,0.0,setup,keysetup2,rcvd,1138552
400000,16,2048,200,300,0.0,setup,keysetup2,rcvd,1139248
400000,16,2048,200,300,0.0,setup,keysetup2,rcvd,1140488
400000,16,2048,200,300,0.0,setup,keysetup2,rcvd,1140824
400000,16,2048,200,300,0.0,setup,keysetup2,rcvd,1140928
400000,16,2048,200,300,0.0,setup,keysetup2,rcvd,1140976
400000,16,2048,200,300,0.0,setup,keysetup2,rcvd,1142656
400000,16,2048,200,300,0.0,setup,keysetup2,rcvd,1143184
400000,16,2048,200,300,0.0,setup,keysetup2,rcvd,1143296
400000,16,2048,200,300,0.0,setup,keysetup2,rcvd,1143352
400000,16,2048,200,300,0.0,setup,keysetup2,rcvd,1144616
400000,16,2048,200,300,0.0,setup,keysetup2,rcvd,1145472
400000,16,2048,200,300,0.0,setup,keysetup2,rcvd,1145640
400000,16,2048,200,300,0.0,setup,keysetup2,rcvd,1145728
400000,16,2048,200,300,0.0,setup,keysetup2,rcvd,1146008
400000,16,2048,200,300,0.0,setup,keysetup2,rcvd,1147512
400000,16,2048,200,300,0.0,setup,keysetup2,rcvd,1147976
400000,16,2048,200,300,0.0,setup,keysetup2,rcvd,1148072
400000,16,2048,200,300,0.0,setup,keysetup2,rcvd,1148136
400000,16,2048,200,300,0.0,setup,keysetup2,rcvd,1149112
400000,16,2048,200,300,0.0,setup,keysetup2,rcvd,1150128
400000,16,2048,200,300,0.0,setup,keysetup2,rcvd,1150392
400000,16,2048,200,300,0.0,setup,keysetup2,rcvd,1150480
400000,16,2048,200,300,0.0,setup,keysetup2,rcvd,1150528
400000,16,2048,200,300,0.0,setup,keysetup2,rcvd,1151832
400000,16,2048,200,300,0.0,setup,keysetup2,rcvd,1152640
400000,16,2048,200,300,0.0,setup,keysetup2,rcvd,1152792
400000,16,2048,200,300,0.0,setup,keysetup2,rcvd,1152888
400000,16,2048,200,300,0.0,setup,keysetup2,rcvd,1152920
400000,16,2048,200,300,0.0,setup,keysetup2,rcvd,1154320
400000,16,2048,200,300,0.0,setup,keysetup2,rcvd,1155048
400000,16,2048,200,300,0.0,setup,keysetup2,rcvd,1155184
400000,16,2048,200,300,0.0,setup,keysetup2,rcvd,1155272
400000,16,2048,200,300,0.0,setup,keysetup2,rcvd,1155312
400000,16,2048,200,300,0.0,setup,keysetup2,rcvd,1156640
400000,16,2048,200,300,0.0,setup,keysetup2,rcvd,1157392
400000,16,2048,200,300,0.0,setup,keysetup2,rcvd,1157568
400000,16,2048,200,300,0.0,setup,keysetup2,rcvd,1157656
400000,16,2048,200,300,0.0,setup,keysetup2,rcvd,1157704
400000,16,2048,200,300,0.0,setup,keysetup2,rcvd,1158824
400000,16,2048,200,300,0.0,setup,keysetup2,rcvd,1159656
400000,16,2048,200,300,0.0,setup,keysetup2,rcvd,1159944
400000,16,2048,200,300,0.0,setup,keysetup2,rcvd,1160040
400000,16,2048,200,300,0.0,setup,keysetup2,rcvd,1160088
400000,16,2048,200,300,0.0,setup,keysetup2,rcvd,1160672
400000,16,2048,200,300,0.0,setup,keysetup2,rcvd,1161848
400000,16,2048,200,300,0.0,setup,keysetup2,rcvd,1162296
400000,16,2048,200,300,0.0,setup,keysetup2,rcvd,1162400
400000,16,2048,200,300,0.0,setup,keysetup2,rcvd,1162456
400000,16,2048,200,300,0.0,setup,keysetup2,rcvd,1162488
400000,16,2048,200,300,0.0,setup,keysetup2,rcvd,1163784
400000,16,2048,200,300,0.0,setup,keysetup2,rcvd,1164512
400000,16,2048,200,300,0.0,setup,keysetup2,rcvd,1164728
400000,16,2048,200,300,0.0,setup,keysetup2,rcvd,1164816
400000,16,2048,200,300,0.0,setup,keysetup2,rcvd,1164872
400000,16,2048,200,300,0.0,setup,keysetup2,rcvd,1165264
400000,16,2048,200,300,0.0,setup,keysetup2,rcvd,1166456
400000,16,2048,200,300,0.0,setup,keysetup2,rcvd,1167048
400000,16,2048,200,300,0.0,setup,keysetup2,rcvd,1167144
400000,16,2048,200,300,0.0,setup,keysetup2,rcvd,1167224
400000,16,2048,200,300,0.0,setup,keysetup2,rcvd,1167272
400000,16,2048,200,300,0.0,setup,keysetup2,rcvd,1168016
400000,16,2048,200,300,0.0,setup,keysetup2,rcvd,1169024
400000,16,2048,200,300,0.0,setup,keysetup2,rcvd,1169464
400000,16,2048,200,300,0.0,setup,keysetup2,rcvd,1169544
400000,16,2048,200,300,0.0,setup,keysetup2,rcvd,1169616
400000,16,2048,200,300,0.0,setup,keysetup2,rcvd,1169664
400000,16,2048,200,300,0.0,setup,keysetup2,rcvd,1170416
400000,16,2048,200,300,0.0,setup,keysetup2,rcvd,1171424
400000,16,2048,200,300,0.0,setup,keysetup2,rcvd,1171840
400000,16,2048,200,300,0.0,setup,keysetup2,rcvd,1171928
400000,16,2048,200,300,0.0,setup,keysetup2,rcvd,1172008
400000,16,2048,200,300,0.0,setup,keysetup2,rcvd,1172048
400000,16,2048,200,300,0.0,setup,keysetup2,rcvd,1172624
400000,16,2048,200,300,0.0,setup,keysetup2,rcvd,1173664
400000,16,2048,200,300,0.0,setup,keysetup2,rcvd,1174208
400000,16,2048,200,300,0.0,setup,keysetup2,rcvd,1174312
400000,16,2048,200,300,0.0,setup,keysetup2,rcvd,1174392
400000,16,2048,200,300,0.0,setup,keysetup2,rcvd,1174440
400000,16,2048,200,300,0.0,setup,keysetup2,rcvd,1174456
400000,16,2048,200,300,0.0,setup,keysetup2,rcvd,1175816
400000,16,2048,200,300,0.0,setup,keysetup2,rcvd,1176440
400000,16,2048,200,300,0.0,setup,keysetup2,rcvd,1176680
400000,16,2048,200,300,0.0,setup,keysetup2,rcvd,1176760
400000,16,2048,200,300,0.0,setup,keysetup2,rcvd,1176808
400000,16,2048,200,300,0.0,setup,keysetup2,rcvd,1176840
400000,16,2048,200,300,0.0,setup,keysetup2,rcvd,1177640
400000,16,2048,200,300,0.0,setup,keysetup2,rcvd,1178600
400000,16,2048,200,300,0.0,setup,keysetup2,rcvd,1179008
400000,16,2048,200,300,0.0,setup,keysetup2,rcvd,1179096
400000,16,2048,200,300,0.0,setup,keysetup2,rcvd,1179176
400000,16,2048,200,300,0.0,setup,keysetup2,rcvd,1179224
400000,16,2048,200,300,0.0,setup,keysetup2,rcvd,1179232
400000,16,2048,200,300,0.0,setup,keysetup2,rcvd,1180488
400000,16,2048,200,300,0.0,setup,keysetup2,rcvd,1181112
400000,16,2048,200,300,0.0,setup,keysetup2,rcvd,1181440
400000,16,2048,200,300,0.0,setup,keysetup2,rcvd,1181504
400000,16,2048,200,300,0.0,setup,keysetup2,rcvd,1181576
400000,16,2048,200,300,0.0,setup,keysetup2,rcvd,1181616
400000,16,2048,200,300,0.0,setup,keysetup2,rcvd,1181720
400000,16,2048,200,300,0.0,setup,keysetup2,rcvd,1182944
400000,16,2048,200,300,0.0,setup,keysetup2,rcvd,1183528
400000,16,2048,200,300,0.0,setup,keysetup2,rcvd,1183832
400000,16,2048,200,300,0.0,setup,keysetup2,rcvd,1183896
400000,16,2048,200,300,0.0,setup,keysetup2,rcvd,1183968
400000,16,2048,200,300,0.0,setup,keysetup2,rcvd,1184008
400000,16,2048,200,300,0.0,setup,keysetup2,rcvd,1184016
400000,16,2048,200,300,0.0,setup,keysetup2,rcvd,1185304
400000,16,2048,200,300,0.0,setup,keysetup2,rcvd,1185896
400000,16,2048,200,300,0.0,setup,keysetup2,rcvd,1186216
400000,16,2048,200,300,0.0,setup,keysetup2,rcvd,1186280
400000,16,2048,200,300,0.0,setup,keysetup2,rcvd,1186360
400000,16,2048,200,300,0.0,setup,keysetup2,rcvd,1186400
400000,16,2048,200,300,0.0,setup,keysetup2,rcvd,1186408
400000,16,2048,200,300,0.0,setup,keysetup2,rcvd,1187448
400000,16,2048,200,300,0.0,setup,keysetup2,rcvd,1188176
400000,16,2048,200,300,0.0,setup,keysetup2,rcvd,1188576
400000,16,2048,200,300,0.0,setup,keysetup2,rcvd,1188648
400000,16,2048,200,300,0.0,setup,keysetup2,rcvd,1188736
400000,16,2048,200,300,0.0,setup,keysetup2,rcvd,1188768
400000,16,2048,200,300,0.0,setup,keysetup2,rcvd,1188800
400000,16,2048,200,300,0.0,setup,keysetup2,rcvd,1189336
400000,16,2048,200,300,0.0,setup,keysetup2,rcvd,1190264
400000,16,2048,200,300,0.0,setup,keysetup2,rcvd,1190792
400000,16,2048,200,300,0.0,setup,keysetup2,rcvd,1191024
400000,16,2048,200,300,0.0,setup,keysetup2,rcvd,1191072
400000,16,2048,200,300,0.0,setup,keysetup2,rcvd,1191144
400000,16,2048,200,300,0.0,setup,keysetup2,rcvd,1191176
400000,16,2048,200,300,0.0,setup,keysetup2,rcvd,1191192
400000,16,2048,200,300,0.0,setup,keysetup2,rcvd,1192032
400000,16,2048,200,300,0.0,setup,keysetup2,rcvd,1192840
400000,16,2048,200,300,0.0,setup,keysetup2,rcvd,1193280
400000,16,2048,200,300,0.0,setup,keysetup2,rcvd,1193424
400000,16,2048,200,300,0.0,setup,keysetup2,rcvd,1193488
400000,16,2048,200,300,0.0,setup,keysetup2,rcvd,1193536
400000,16,2048,200,300,0.0,setup,keysetup2,rcvd,1193576
400000,16,2048,200,300,0.0,setup,keysetup2,rcvd,1193584
400000,16,2048,200,300,0.0,setup,keysetup2,rcvd,1194584
400000,16,2048,200,300,0.0,setup,keysetup2,rcvd,1195288
400000,16,2048,200,300,0.0,setup,keysetup2,rcvd,1195696
400000,16,2048,200,300,0.0,setup,keysetup2,rcvd,1195816
400000,16,2048,200,300,0.0,setup,keysetup2,rcvd,1195888
400000,16,2048,200,300,0.0,setup,keysetup2,rcvd,1195928
400000,16,2048,200,300,0.0,setup,keysetup2,rcvd,1195968
400000,16,2048,200,300,0.0,setup,keysetup2,rcvd,1195976
400000,16,2048,200,300,0.0,setup,keysetup2,rcvd,1196832
400000,16,2048,200,300,0.0,setup,keysetup2,rcvd,1197592
400000,16,2048,200,300,0.0,setup,keysetup2,rcvd,1198016
400000,16,2048,200,300,0.0,setup,keysetup2,rcvd,1198200
400000,16,2048,200,300,0.0,setup,keysetup2,rcvd,1198248
400000,16,2048,200,300,0.0,setup,keysetup2,rcvd,1198320
400000,16,2048,200,300,0.0,online,encrypt,sent,20615264
400000,16,2048,200,300,0.0,online,encrypt,sent,20615240
400000,16,2048,200,300,0.0,online,encrypt,sent,20615064
400000,16,2048,200,300,0.0,online,encrypt,sent,20615104
400000,16,2048,200,300,0.0,online,encrypt,sent,20615192
400000,16,2048,200,300,0.0,online,encrypt,sent,20615128
400000,16,2048,200,300,0.0,online,encrypt,sent,20615016
400000,16,2048,200,300,0.0,online,encrypt,sent,20615192
400000,16,2048,200,300,0.0,online,encrypt,sent,20615256
400000,16,2048,200,300,0.0,online,encrypt,sent,20615208
400000,16,2048,200,300,0.0,online,encrypt,sent,20615192
400000,16,2048,200,300,0.0,online,encrypt,sent,20615112
400000,16,2048,200,300,0.0,online,encrypt,sent,20615008
400000,16,2048,200,300,0.0,online,encrypt,sent,20615248
400000,16,2048,200,300,0.0,online,encrypt,sent,20615112
400000,16,2048,200,300,0.0,online,encrypt,sent,20615120
400000,16,2048,200,300,0.0,online,encrypt,sent,20615208
400000,16,2048,200,300,0.0,online,encrypt,sent,20615240
400000,16,2048,200,300,0.0,online,encrypt,sent,20615056
400000,16,2048,200,300,0.0,online,encrypt,sent,20615152
400000,16,2048,200,300,0.0,online,encrypt,sent,20615040
400000,16,2048,200,300,0.0,online,encrypt,sent,20615144
400000,16,2048,200,300,0.0,online,encrypt,sent,20615232
400000,16,2048,200,300,0.0,online,encrypt,sent,20615240
400000,16,2048,200,300,0.0,online,encrypt,sent,20615168
400000,16,2048,200,300,0.0,online,encrypt,sent,20614952
400000,16,2048,200,300,0.0,online,encrypt,sent,20615168
400000,16,2048,200,300,0.0,online,encrypt,sent,20615176
400000,16,2048,200,300,0.0,online,encrypt,sent,20615240
400000,16,2048,200,300,0.0,online,encrypt,sent,20615176
400000,16,2048,200,300,0.0,online,encrypt,sent,20615208
400000,16,2048,200,300,0.0,online,encrypt,sent,20615240
400000,16,2048,200,300,0.0,online,encrypt,sent,20615256
400000,16,2048,200,300,0.0,online,encrypt,sent,20615200
400000,16,2048,200,300,0.0,online,encrypt,sent,20615160
400000,16,2048,200,300,0.0,online,encrypt,sent,20615104
400000,16,2048,200,300,0.0,online,encrypt,sent,20615256
400000,16,2048,200,300,0.0,online,encrypt,sent,20615184
400000,16,2048,200,300,0.0,online,encrypt,sent,20615152
400000,16,2048,200,300,0.0,online,encrypt,sent,20615160
400000,16,2048,200,300,0.0,online,encrypt,sent,20615176
400000,16,2048,200,300,0.0,online,encrypt,sent,20615160
400000,16,2048,200,300,0.0,online,encrypt,sent,20615080
400000,16,2048,200,300,0.0,online,encrypt,sent,20615184
400000,16,2048,200,300,0.0,online,encrypt,sent,20615136
400000,16,2048,200,300,0.0,online,encrypt,sent,20615184
400000,16,2048,200,300,0.0,online,encrypt,sent,20615280
400000,16,2048,200,300,0.0,online,encrypt,sent,20615232
400000,16,2048,200,300,0.0,online,encrypt,sent,20615152
400000,16,2048,200,300,0.0,online,encrypt,sent,20615128
400000,16,2048,200,300,0.0,online,encrypt,sent,20615128
400000,16,2048,200,300,0.0,online,encrypt,sent,20615152
400000,16,2048,200,300,0.0,online,encrypt,sent,20615136
400000,16,2048,200,300,0.0,online,encrypt,sent,20615144
400000,16,2048,200,300,0.0,online,encrypt,sent,20614984
400000,16,2048,200,300,0.0,online,encrypt,sent,20615248
400000,16,2048,200,300,0.0,online,encrypt,sent,20615112
400000,16,2048,200,300,0.0,online,encrypt,sent,20615168
400000,16,2048,200,300,0.0,online,encrypt,sent,20615088
400000,16,2048,200,300,0.0,online,encrypt,sent,20615168
400000,16,2048,200,300,0.0,online,encrypt,sent,20615072
400000,16,2048,200,300,0.0,online,encrypt,sent,20615096
400000,16,2048,200,300,0.0,online,encrypt,sent,20615136
400000,16,2048,200,300,0.0,online,encrypt,sent,20615232
400000,16,2048,200,300,0.0,online,encrypt,sent,20615096
400000,16,2048,200,300,0.0,online,encrypt,sent,20615160
400000,16,2048,200,300,0.0,online,encrypt,sent,20615200
400000,16,2048,200,300,0.0,online,encrypt,sent,20615032
400000,16,2048,200,300,0.0,online,encrypt,sent,20615120
400000,16,2048,200,300,0.0,online,encrypt,sent,20615216
400000,16,2048,200,300,0.0,online,encrypt,sent,20615200
400000,16,2048,200,300,0.0,online,encrypt,sent,20615016
400000,16,2048,200,300,0.0,online,encrypt,sent,20615112
400000,16,2048,200,300,0.0,online,encrypt,sent,20615184
400000,16,2048,200,300,0.0,online,encrypt,sent,20615144
400000,16,2048,200,300,0.0,online,encrypt,sent,20615112
400000,16,2048,200,300,0.0,online,encrypt,sent,20615184
400000,16,2048,200,300,0.0,online,encrypt,sent,20615136
400000,16,2048,200,300,0.0,online,encrypt,sent,20615264
400000,16,2048,200,300,0.0,online,encrypt,sent,20615224
400000,16,2048,200,300,0.0,online,encrypt,sent,20615168
400000,16,2048,200,300,0.0,online,encrypt,sent,20615120
400000,16,2048,200,300,0.0,online,encrypt,sent,20615104
400000,16,2048,200,300,0.0,online,encrypt,sent,20614992
400000,16,2048,200,300,0.0,online,encrypt,sent,20615128
400000,16,2048,200,300,0.0,online,encrypt,sent,20615040
400000,16,2048,200,300,0.0,online,encrypt,sent,20615088
400000,16,2048,200,300,0.0,online,encrypt,sent,20615032
400000,16,2048,200,300,0.0,online,encrypt,sent,20615096
400000,16,2048,200,300,0.0,online,encrypt,sent,20615232
400000,16,2048,200,300,0.0,online,encrypt,sent,20615128
400000,16,2048,200,300,0.0,online,encrypt,sent,20615072
400000,16,2048,200,300,0.0,online,encrypt,sent,20615208
400000,16,2048,200,300,0.0,online,encrypt,sent,20615192
400000,16,2048,200,300,0.0,online,encrypt,sent,20615160
400000,16,2048,200,300,0.0,online,encrypt,sent,20615176
400000,16,2048,200,300,0.0,online,encrypt,sent,20615176
400000,16,2048,200,300,0.0,online,encrypt,sent,20615120
400000,16,2048,200,300,0.0,online,encrypt,sent,20615232
400000,16,2048,200,300,0.0,online,encrypt,sent,20615192
400000,16,2048,200,300,0.0,online,encrypt,sent,20615072
400000,16,2048,200,300,0.0,online,encrypt,sent,20615120
400000,16,2048,200,300,0.0,online,encrypt,sent,20615184
400000,16,2048,200,300,0.0,online,encrypt,sent,20615104
400000,16,2048,200,300,0.0,online,encrypt,sent,20615192
400000,16,2048,200,300,0.0,online,encrypt,sent,20615064
400000,16,2048,200,300,0.0,online,encrypt,sent,20615064
400000,16,2048,200,300,0.0,online,encrypt,sent,20615144
400000,16,2048,200,300,0.0,online,encrypt,sent,20615296
400000,16,2048,200,300,0.0,online,encrypt,sent,20615192
400000,16,2048,200,300,0.0,online,encrypt,sent,20615256
400000,16,2048,200,300,0.0,online,encrypt,sent,20615208
400000,16,2048,200,300,0.0,online,encrypt,sent,20615080
400000,16,2048,200,300,0.0,online,encrypt,sent,20615152
400000,16,2048,200,300,0.0,online,encrypt,sent,20615104
400000,16,2048,200,300,0.0,online,encrypt,sent,20614984
400000,16,2048,200,300,0.0,online,encrypt,sent,20615184
400000,16,2048,200,300,0.0,online,encrypt,sent,20615272
400000,16,2048,200,300,0.0,online,encrypt,sent,20615168
400000,16,2048,200,300,0.0,online,encrypt,sent,20615272
400000,16,2048,200,300,0.0,online,encrypt,sent,20615248
400000,16,2048,200,300,0.0,online,encrypt,sent,20615064
400000,16,2048,200,300,0.0,online,encrypt,sent,20615344
400000,16,2048,200,300,0.0,online,encrypt,sent,20615192
400000,16,2048,200,300,0.0,online,encrypt,sent,20615280
400000,16,2048,200,300,0.0,online,encrypt,sent,20615136
400000,16,2048,200,300,0.0,online,encrypt,sent,20615288
400000,16,2048,200,300,0.0,online,encrypt,sent,20615056
400000,16,2048,200,300,0.0,online,encrypt,sent,20615312
400000,16,2048,200,300,0.0,online,encrypt,sent,20615080
400000,16,2048,200,300,0.0,online,encrypt,sent,20615024
400000,16,2048,200,300,0.0,online,encrypt,sent,20615144
400000,16,2048,200,300,0.0,online,encrypt,sent,20615080
400000,16,2048,200,300,0.0,online,encrypt,sent,20615144
400000,16,2048,200,300,0.0,online,encrypt,sent,20615240
400000,16,2048,200,300,0.0,online,encrypt,sent,20615216
400000,16,2048,200,300,0.0,online,encrypt,sent,20615192
400000,16,2048,200,300,0.0,online,encrypt,sent,20615088
400000,16,2048,200,300,0.0,online,encrypt,sent,20615184
400000,16,2048,200,300,0.0,online,encrypt,sent,20615224
400000,16,2048,200,300,0.0,online,encrypt,sent,20615152
400000,16,2048,200,300,0.0,online,encrypt,sent,20615168
400000,16,2048,200,300,0.0,online,encrypt,sent,20615208
400000,16,2048,200,300,0.0,online,encrypt,sent,20615144
400000,16,2048,200,300,0.0,online,encrypt,sent,20615144
400000,16,2048,200,300,0.0,online,encrypt,sent,20615288
400000,16,2048,200,300,0.0,online,encrypt,sent,20615208
400000,16,2048,200,300,0.0,online,encrypt,sent,20615192
400000,16,2048,200,300,0.0,online,encrypt,sent,20615104
400000,16,2048,200,300,0.0,online,encrypt,sent,20615104
400000,16,2048,200,300,0.0,online,encrypt,sent,20615224
400000,16,2048,200,300,0.0,online,encrypt,sent,20615144
400000,16,2048,200,300,0.0,online,encrypt,sent,20615088
400000,16,2048,200,300,0.0,online,encrypt,sent,20615184
400000,16,2048,200,300,0.0,online,encrypt,sent,20615160
400000,16,2048,200,300,0.0,online,encrypt,sent,20615152
400000,16,2048,200,300,0.0,online,encrypt,sent,20615160
400000,16,2048,200,300,0.0,online,encrypt,sent,20615184
400000,16,2048,200,300,0.0,online,encrypt,sent,20615240
400000,16,2048,200,300,0.0,online,encrypt,sent,20615200
400000,16,2048,200,300,0.0,online,encrypt,sent,20615064
400000,16,2048,200,300,0.0,online,encrypt,sent,20615136
400000,16,2048,200,300,0.0,online,encrypt,sent,20615264
400000,16,2048,200,300,0.0,online,encrypt,sent,20615104
400000,16,2048,200,300,0.0,online,encrypt,sent,20615128
400000,16,2048,200,300,0.0,online,encrypt,sent,20615184
400000,16,2048,200,300,0.0,online,encrypt,sent,20615200
400000,16,2048,200,300,0.0,online,encrypt,sent,20615176
400000,16,2048,200,300,0.0,online,encrypt,sent,20615112
400000,16,2048,200,300,0.0,online,encrypt,sent,20615264
400000,16,2048,200,300,0.0,online,encrypt,sent,20615072
400000,16,2048,200,300,0.0,online,encrypt,sent,20615264
