dimension,inputsize,keysize,threshold,nclients,dropout,entity,phase,round,time
100000,16,256,200,300,0.0,client,online,round0,0.0018407139941700734
100000,16,256,200,300,0.0,client,online,round0,0.0010334199978387915
100000,16,256,200,300,0.0,client,online,round0,0.001063569994585123
100000,16,256,200,300,0.0,client,online,round0,0.0008940449988585897
100000,16,256,200,300,0.0,client,online,round0,0.0011444560004747473
100000,16,256,200,300,0.0,client,online,round0,0.0010319299981347285
100000,16,256,200,300,0.0,client,online,round0,0.0009341159966425039
100000,16,256,200,300,0.0,client,online,round0,0.0009853889932855964
100000,16,256,200,300,0.0,client,online,round0,0.0011119569971924648
100000,16,256,200,300,0.0,client,online,round0,0.0011126209938083775
100000,16,256,200,300,0.0,client,online,round0,0.001142480003181845
100000,16,256,200,300,0.0,client,online,round0,0.0010849690006580204
100000,16,256,200,300,0.0,client,online,round0,0.0011066759980167262
100000,16,256,200,300,0.0,client,online,round0,0.0012585180011228658
100000,16,256,200,300,0.0,client,online,round0,0.0010260479975841008
100000,16,256,200,300,0.0,client,online,round0,0.0010060499989776872
100000,16,256,200,300,0.0,client,online,round0,0.0010186369981965981
100000,16,256,200,300,0.0,client,online,round0,0.0010405809953226708
100000,16,256,200,300,0.0,client,online,round0,0.0011077219969592988
100000,16,256,200,300,0.0,client,online,round0,0.0017426220001652837
100000,16,256,200,300,0.0,client,online,round0,0.0013035140000283718
100000,16,256,200,300,0.0,client,online,round0,0.0011756540043279529
100000,16,256,200,300,0.0,client,online,round0,0.0011491549958009273
100000,16,256,200,300,0.0,client,online,round0,0.0011243010012549348
100000,16,256,200,300,0.0,client,online,round0,0.0011451549944467843
100000,16,256,200,300,0.0,client,online,round0,0.0018873950029956177
100000,16,256,200,300,0.0,client,online,round0,0.0012042630041833036
100000,16,256,200,300,0.0,client,online,round0,0.0010241440031677485
100000,16,256,200,300,0.0,client,online,round0,0.0010510930005693808
100000,16,256,200,300,0.0,client,online,round0,0.0011915139984921552
100000,16,256,200,300,0.0,client,online,round0,0.001060809998307377
100000,16,256,200,300,0.0,client,online,round0,0.0020408420023159124
100000,16,256,200,300,0.0,client,online,round0,0.07575978300155839
100000,16,256,200,300,0.0,client,online,round0,0.0010018460015999153
100000,16,256,200,300,0.0,client,online,round0,0.001245885003299918
100000,16,256,200,300,0.0,client,online,round0,0.0010708619956858456
100000,16,256,200,300,0.0,client,online,round0,0.001068332996510435
100000,16,256,200,300,0.0,client,online,round0,0.0012703890024567954
100000,16,256,200,300,0.0,client,online,round0,0.0012179530021967366
100000,16,256,200,300,0.0,client,online,round0,0.001042341005813796
100000,16,256,200,300,0.0,client,online,round0,0.0010305609976057895
100000,16,256,200,300,0.0,client,online,round0,0.0011608509958023205
100000,16,256,200,300,0.0,client,online,round0,0.0016280560012091883
100000,16,256,200,300,0.0,client,online,round0,0.001065458003722597
100000,16,256,200,300,0.0,client,online,round0,0.0010591129976091906
100000,16,256,200,300,0.0,client,online,round0,0.0010615560022415593
100000,16,256,200,300,0.0,client,online,round0,0.0011604600003920496
100000,16,256,200,300,0.0,client,online,round0,0.0011106169986305758
100000,16,256,200,300,0.0,client,online,round0,0.0010831569961737841
100000,16,256,200,300,0.0,client,online,round0,0.0009576740048942156
100000,16,256,200,300,0.0,client,online,round0,0.000951296002313029
100000,16,256,200,300,0.0,client,online,round0,0.0010153539988095872
100000,16,256,200,300,0.0,client,online,round0,0.0010168230000999756
100000,16,256,200,300,0.0,client,online,round0,0.0009753690028446727
100000,16,256,200,300,0.0,client,online,round0,0.0010668440008885227
100000,16,256,200,300,0.0,client,online,round0,0.0011108050020993687
100000,16,256,200,300,0.0,client,online,round0,0.0009213000012096018
100000,16,256,200,300,0.0,client,online,round0,0.0010293360028299503
100000,16,256,200,300,0.0,client,online,round0,0.0009366419981233776
100000,16,256,200,300,0.0,client,online,round0,0.001070428996172268
100000,16,256,200,300,0.0,client,online,round0,0.001108162003220059
100000,16,256,200,300,0.0,client,online,round0,0.0019669390021590516
100000,16,256,200,300,0.0,client,online,round0,0.001143316003435757
100000,16,256,200,300,0.0,client,online,round0,0.0009889840002870187
100000,16,256,200,300,0.0,client,online,round0,0.0011446389980847016
100000,16,256,200,300,0.0,client,online,round0,0.0009879120043478906
100000,16,256,200,300,0.0,client,online,round0,0.0010988080030074343
100000,16,256,200,300,0.0,client,online,round0,0.0009800620027817786
100000,16,256,200,300,0.0,client,online,round0,0.0010901839996222407
100000,16,256,200,300,0.0,client,online,round0,0.0011246309950365685
100000,16,256,200,300,0.0,client,online,round0,0.0010053279984276742
100000,16,256,200,300,0.0,client,online,round0,0.000933950999751687
100000,16,256,200,300,0.0,client,online,round0,0.0010658810060704127
100000,16,256,200,300,0.0,client,online,round0,0.0010733340022852644
100000,16,256,200,300,0.0,client,online,round0,0.0010287900004186668
100000,16,256,200,300,0.0,client,online,round0,0.0010300709982402623
100000,16,256,200,300,0.0,client,online,round0,0.0011627599960775115
100000,16,256,200,300,0.0,client,online,round0,0.001049727994541172
100000,16,256,200,300,0.0,client,online,round0,0.0010570440063020214
100000,16,256,200,300,0.0,client,online,round0,0.0010105839974130504
100000,16,256,200,300,0.0,client,online,round0,0.0011073790010414086
100000,16,256,200,300,0.0,client,online,round0,0.0010178619995713234
100000,16,256,200,300,0.0,client,online,round0,0.0009366550002596341
100000,16,256,200,300,0.0,client,online,round0,0.0010288420016877353
100000,16,256,200,300,0.0,client,online,round0,0.0009411540013388731
100000,16,256,200,300,0.0,client,online,round0,0.0010226949962088838
100000,16,256,200,300,0.0,client,online,round0,0.0009472689998801798
100000,16,256,200,300,0.0,client,online,round0,0.0010555899934843183
100000,16,256,200,300,0.0,client,online,round0,0.0009659019997343421
100000,16,256,200,300,0.0,client,online,round0,0.0011690299943438731
100000,16,256,200,300,0.0,client,online,round0,0.0009879130011540838
100000,16,256,200,300,0.0,client,online,round0,0.0009968820013455115
100000,16,256,200,300,0.0,client,online,round0,0.0010852240011445247
100000,16,256,200,300,0.0,client,online,round0,0.0010950920041068457
100000,16,256,200,300,0.0,client,online,round0,0.0010129299989785068
100000,16,256,200,300,0.0,client,online,round0,0.0009375040026498027
100000,16,256,200,300,0.0,client,online,round0,0.04625177699927008
100000,16,256,200,300,0.0,client,online,round0,0.0011558810001588427
100000,16,256,200,300,0.0,client,online,round0,0.001092457998311147
100000,16,256,200,300,0.0,client,online,round0,0.001090048004698474
100000,16,256,200,300,0.0,client,online,round0,0.00102077100018505
100000,16,256,200,300,0.0,client,online,round0,0.001069507998181507
100000,16,256,200,300,0.0,client,online,round0,0.0011012069953721948
100000,16,256,200,300,0.0,client,online,round0,0.0009348320018034428
100000,16,256,200,300,0.0,client,online,round0,0.0017794939994928427
100000,16,256,200,300,0.0,client,online,round0,0.0010483480000402778
100000,16,256,200,300,0.0,client,online,round0,0.001209437999932561
100000,16,256,200,300,0.0,client,online,round0,0.0009667160047683865
100000,16,256,200,300,0.0,client,online,round0,0.000999189003778156
100000,16,256,200,300,0.0,client,online,round0,0.0009361060001538135
100000,16,256,200,300,0.0,client,online,round0,0.0009873740054899827
100000,16,256,200,300,0.0,client,online,round0,0.0009879720018943772
100000,16,256,200,300,0.0,client,online,round0,0.0010564569965936244
100000,16,256,200,300,0.0,client,online,round0,0.0010770530061563477
100000,16,256,200,300,0.0,client,online,round0,0.0011235679994570091
100000,16,256,200,300,0.0,client,online,round0,0.0009843459993135184
100000,16,256,200,300,0.0,client,online,round0,0.0010968560018227436
100000,16,256,200,300,0.0,client,online,round0,0.0009761519977473654
100000,16,256,200,300,0.0,client,online,round0,0.0011022010003216565
100000,16,256,200,300,0.0,client,online,round0,0.001059207999787759
100000,16,256,200,300,0.0,client,online,round0,0.001227597997058183
100000,16,256,200,300,0.0,client,online,round0,0.001126010000007227
100000,16,256,200,300,0.0,client,online,round0,0.0010769790023914538
100000,16,256,200,300,0.0,client,online,round0,0.0010266140016028658
100000,16,256,200,300,0.0,client,online,round0,0.0011438529982115142
100000,16,256,200,300,0.0,client,online,round0,0.0010943450033664703
100000,16,256,200,300,0.0,client,online,round0,0.0010677379978005774
100000,16,256,200,300,0.0,client,online,round0,0.0011622029996942729
100000,16,256,200,300,0.0,client,online,round0,0.04747859900089679
100000,16,256,200,300,0.0,client,online,round0,0.0009866719992714934
100000,16,256,200,300,0.0,client,online,round0,0.001012881999486126
100000,16,256,200,300,0.0,client,online,round0,0.0009097240035771392
100000,16,256,200,300,0.0,client,online,round0,0.001014408997434657
100000,16,256,200,300,0.0,client,online,round0,0.0009925400008796714
100000,16,256,200,300,0.0,client,online,round0,0.0010014050058089197
100000,16,256,200,300,0.0,client,online,round0,0.0010340109947719611
100000,16,256,200,300,0.0,client,online,round0,0.0009959989984054118
100000,16,256,200,300,0.0,client,online,round0,0.000982077996013686
100000,16,256,200,300,0.0,client,online,round0,0.0010836240035132505
100000,16,256,200,300,0.0,client,online,round0,0.0009463349997531623
100000,16,256,200,300,0.0,client,online,round0,0.0010128009962500073
100000,16,256,200,300,0.0,client,online,round0,0.0010481650024303235
100000,16,256,200,300,0.0,client,online,round0,0.0011115800007246435
100000,16,256,200,300,0.0,client,online,round0,0.0010464679944561794
100000,16,256,200,300,0.0,client,online,round0,0.0009667289996286854
100000,16,256,200,300,0.0,client,online,round0,0.0009644680030760355
100000,16,256,200,300,0.0,client,online,round0,0.0010084640016430058
100000,16,256,200,300,0.0,client,online,round0,0.001070990001608152
100000,16,256,200,300,0.0,client,online,round0,0.0010011310005211271
100000,16,256,200,300,0.0,client,online,round0,0.0011645669947029091
100000,16,256,200,300,0.0,client,online,round0,0.0013550789954024367
100000,16,256,200,300,0.0,client,online,round0,0.0009512660035397857
100000,16,256,200,300,0.0,client,online,round0,0.0012878440029453486
100000,16,256,200,300,0.0,client,online,round0,0.0011594399984460324
100000,16,256,200,300,0.0,client,online,round0,0.00110416799725499
100000,16,256,200,300,0.0,client,online,round0,0.001061996998032555
100000,16,256,200,300,0.0,client,online,round0,0.001062762996298261
100000,16,256,200,300,0.0,client,online,round0,0.0010242739954264835
100000,16,256,200,300,0.0,client,online,round0,0.0011539059996721335
100000,16,256,200,300,0.0,client,online,round0,0.001106675001210533
100000,16,256,200,300,0.0,client,online,round0,0.0557675379968714
100000,16,256,200,300,0.0,client,online,round0,0.0009783919958863407
100000,16,256,200,300,0.0,client,online,round0,0.0010121419982169755
100000,16,256,200,300,0.0,client,online,round0,0.000879857994732447
100000,16,256,200,300,0.0,client,online,round0,0.00105475199961802
100000,16,256,200,300,0.0,client,online,round0,0.0010444689978612587
100000,16,256,200,300,0.0,client,online,round0,0.0010470339984749444
100000,16,256,200,300,0.0,client,online,round0,0.000983094003458973
100000,16,256,200,300,0.0,client,online,round0,0.0010031190031440929
100000,16,256,200,300,0.0,client,online,round0,0.0009087569997063838
100000,16,256,200,300,0.0,client,online,round0,0.0009142820053966716
100000,16,256,200,300,0.0,client,online,round0,0.0009850679998635314
100000,16,256,200,300,0.0,client,online,round0,0.001017957998556085
100000,16,256,200,300,0.0,client,online,round0,0.0010201069962931797
100000,16,256,200,300,0.0,client,online,round0,0.0009775880025699735
100000,16,256,200,300,0.0,client,online,round0,0.0009372699933010153
100000,16,256,200,300,0.0,client,online,round0,0.0009637140028644353
100000,16,256,200,300,0.0,client,online,round0,0.001222327999130357
100000,16,256,200,300,0.0,client,online,round0,0.0009713129984447733
100000,16,256,200,300,0.0,client,online,round0,0.0011961800046265125
100000,16,256,200,300,0.0,client,online,round0,0.0010085999965667725
100000,16,256,200,300,0.0,client,online,round0,0.0011676319991238415
100000,16,256,200,300,0.0,client,online,round0,0.0010809860032168217
100000,16,256,200,300,0.0,client,online,round0,0.001028928003506735
100000,16,256,200,300,0.0,client,online,round0,0.0010068100018543191
100000,16,256,200,300,0.0,client,online,round0,0.0009872579976217821
100000,16,256,200,300,0.0,client,online,round0,0.001102894006180577
100000,16,256,200,300,0.0,client,online,round0,0.0009551840048516169
100000,16,256,200,300,0.0,client,online,round0,0.0010206469960394315
100000,16,256,200,300,0.0,client,online,round0,0.0009617880059522577
100000,16,256,200,300,0.0,client,online,round0,0.0009756590006873012
100000,16,256,200,300,0.0,client,online,round0,0.0010985369954141788
100000,16,256,200,300,0.0,client,online,round0,0.0010363740002503619
100000,16,256,200,300,0.0,client,online,round0,0.000948524997511413
100000,16,256,200,300,0.0,client,online,round0,0.0011859990045195445
100000,16,256,200,300,0.0,client,online,round0,0.0009831529969233088
100000,16,256,200,300,0.0,client,online,round0,0.0017177889967570081
100000,16,256,200,300,0.0,client,online,round0,0.0010638320018188097
100000,16,256,200,300,0.0,client,online,round0,0.001047921999997925
100000,16,256,200,300,0.0,client,online,round0,0.0011317600001348183
100000,16,256,200,300,0.0,client,online,round0,0.000916108998353593
100000,16,256,200,300,0.0,client,online,round0,0.0009626679966459051
100000,16,256,200,300,0.0,client,online,round0,0.001238720004039351
100000,16,256,200,300,0.0,client,online,round0,0.0009690020015113987
100000,16,256,200,300,0.0,client,online,round0,0.0010077990009449422
100000,16,256,200,300,0.0,client,online,round0,0.0010221070042462088
100000,16,256,200,300,0.0,client,online,round0,0.001120633001846727
100000,16,256,200,300,0.0,client,online,round0,0.0009530509996693581
100000,16,256,200,300,0.0,client,online,round0,0.001062110997736454
100000,16,256,200,300,0.0,client,online,round0,0.0010188020023633726
100000,16,256,200,300,0.0,client,online,round0,0.0010169820016017184
100000,16,256,200,300,0.0,client,online,round0,0.0010764429971459322
100000,16,256,200,300,0.0,client,online,round0,0.0010634299978846684
100000,16,256,200,300,0.0,client,online,round0,0.0010490569984540343
100000,16,256,200,300,0.0,client,online,round0,0.0009814450022531673
100000,16,256,200,300,0.0,client,online,round0,0.0010897409956669435
100000,16,256,200,300,0.0,client,online,round0,0.001133220997871831
100000,16,256,200,300,0.0,client,online,round0,0.001048149999405723
100000,16,256,200,300,0.0,client,online,round0,0.0009816770034376532
100000,16,256,200,300,0.0,client,online,round0,0.0011435049964347854
100000,16,256,200,300,0.0,client,online,round0,0.0010444840008858591
100000,16,256,200,300,0.0,client,online,round0,0.0009287950015277602
100000,16,256,200,300,0.0,client,online,round0,0.0010700499988161027
100000,16,256,200,300,0.0,client,online,round0,0.04398945699358592
100000,16,256,200,300,0.0,client,online,round0,0.0010064589951070957
100000,16,256,200,300,0.0,client,online,round0,0.0012304420015425421
100000,16,256,200,300,0.0,client,online,round0,0.0010379169980296865
100000,16,256,200,300,0.0,client,online,round0,0.000962206999247428
100000,16,256,200,300,0.0,client,online,round0,0.0010664410001481883
100000,16,256,200,300,0.0,client,online,round0,0.0011185059993295
100000,16,256,200,300,0.0,client,online,round0,0.0011148049961775541
100000,16,256,200,300,0.0,client,online,round0,0.001041544004692696
100000,16,256,200,300,0.0,client,online,round0,0.0009788059978745878
100000,16,256,200,300,0.0,client,online,round0,0.0009508479997748509
100000,16,256,200,300,0.0,client,online,round0,0.0010478260010131635
100000,16,256,200,300,0.0,client,online,round0,0.0010021350026363507
100000,16,256,200,300,0.0,client,online,round0,0.0009484979964327067
100000,16,256,200,300,0.0,client,online,round0,0.0012173939976491965
100000,16,256,200,300,0.0,client,online,round0,0.001062954994267784
100000,16,256,200,300,0.0,client,online,round0,0.0010727999979280867
100000,16,256,200,300,0.0,client,online,round0,0.0011837150013889186
100000,16,256,200,300,0.0,client,online,round0,0.0009702700044726953
100000,16,256,200,300,0.0,client,online,round0,0.0011140309943584725
100000,16,256,200,300,0.0,client,online,round0,0.0016891299965209328
100000,16,256,200,300,0.0,client,online,round0,0.0011820959989563562
100000,16,256,200,300,0.0,client,online,round0,0.000979939999524504
100000,16,256,200,300,0.0,client,online,round0,0.0009561600018059835
100000,16,256,200,300,0.0,client,online,round0,0.0010820479947142303
100000,16,256,200,300,0.0,client,online,round0,0.0010642609995556995
100000,16,256,200,300,0.0,client,online,round0,0.001075143001799006
100000,16,256,200,300,0.0,client,online,round0,0.0009847280016401783
100000,16,256,200,300,0.0,client,online,round0,0.0010056289975182153
100000,16,256,200,300,0.0,client,online,round0,0.0010255870001856238
100000,16,256,200,300,0.0,client,online,round0,0.0011346649989718571
100000,16,256,200,300,0.0,client,online,round0,0.0009671609950601123
100000,16,256,200,300,0.0,client,online,round0,0.04416655599925434
100000,16,256,200,300,0.0,client,online,round0,0.00115396599721862
100000,16,256,200,300,0.0,client,online,round0,0.0010480240016477183
100000,16,256,200,300,0.0,client,online,round0,0.0011418610010878183
100000,16,256,200,300,0.0,client,online,round0,0.0012013809973723255
100000,16,256,200,300,0.0,client,online,round0,0.0011346340033924207
100000,16,256,200,300,0.0,client,online,round0,0.00113794000208145
100000,16,256,200,300,0.0,client,online,round0,0.0011143180017825216
100000,16,256,200,300,0.0,client,online,round0,0.001190803995996248
100000,16,256,200,300,0.0,client,online,round0,0.0011907139996765181
100000,16,256,200,300,0.0,client,online,round0,0.001097533997381106
100000,16,256,200,300,0.0,client,online,round0,0.001092728998628445
100000,16,256,200,300,0.0,client,online,round0,0.0010581039969110861
100000,16,256,200,300,0.0,client,online,round0,0.0011952799977734685
100000,16,256,200,300,0.0,client,online,round0,0.002090326997858938
100000,16,256,200,300,0.0,client,online,round0,0.0011695920038619079
100000,16,256,200,300,0.0,client,online,round0,0.0012295199994696304
100000,16,256,200,300,0.0,client,online,round0,0.002036865000263788
100000,16,256,200,300,0.0,client,online,round0,0.0011210800003027543
100000,16,256,200,300,0.0,client,online,round0,0.0011524929941515438
100000,16,256,200,300,0.0,client,online,round0,0.0011879629964823835
100000,16,256,200,300,0.0,client,online,round0,0.0012119879975216463
100000,16,256,200,300,0.0,client,online,round0,0.0013009269969188608
100000,16,256,200,300,0.0,client,online,round0,0.0014560889976564795
100000,16,256,200,300,0.0,client,online,round0,0.0014447190042119473
100000,16,256,200,300,0.0,client,online,round0,0.0011037079966627061
100000,16,256,200,300,0.0,client,online,round0,0.001185484004963655
100000,16,256,200,300,0.0,client,online,round0,0.002007991002756171
100000,16,256,200,300,0.0,client,online,round0,0.0011163240051246248
100000,16,256,200,300,0.0,client,online,round0,0.001306780002778396
100000,16,256,200,300,0.0,client,online,round0,0.0012376439990475774
100000,16,256,200,300,0.0,client,online,round0,0.002017489001445938
100000,16,256,200,300,0.0,client,online,round0,0.552620267997554
100000,16,256,200,300,0.0,client,online,round0,0.0011464760027593002
100000,16,256,200,300,0.0,client,online,round0,0.0010719480051193386
100000,16,256,200,300,0.0,client,online,round0,0.0011584439998841844
100000,16,256,200,300,0.0,client,online,round0,0.0019868229937856086
100000,16,256,200,300,0.0,client,online,round0,0.0010763530008262023
100000,16,256,200,300,0.0,client,online,round0,0.0011191029989277013
100000,16,256,200,300,0.0,client,online,round0,0.0011659550000331365
100000,16,256,200,300,0.0,client,online,round0,0.0010921789944404736
100000,16,256,200,300,0.0,client,online,round0,0.0011689530001603998
100000,16,256,200,300,0.0,client,online,round0,0.0010575560008874163
100000,16,256,200,300,0.0,client,online,round0,0.0011240499952691607
100000,16,256,200,300,0.0,client,online,round0,0.0012719860023935325
100000,16,256,200,300,0.0,server,online,round0,6.17969999439083e-05
100000,16,256,200,300,0.0,server,online,round0,1.1051000910811126e-05
100000,16,256,200,300,0.0,server,online,round0,2.5020002794917673e-05
100000,16,256,200,300,0.0,server,online,round0,9.266004781238735e-06
100000,16,256,200,300,0.0,server,online,round0,1.2681994121521711e-05
100000,16,256,200,300,0.0,client,online,roudn1,1.2373233390026144
100000,16,256,200,300,0.0,client,online,roudn1,1.2520944509960827
100000,16,256,200,300,0.0,client,online,roudn1,1.210466370001086
100000,16,256,200,300,0.0,client,online,roudn1,1.2001636829954805
100000,16,256,200,300,0.0,client,online,roudn1,1.2137565769953653
100000,16,256,200,300,0.0,client,online,roudn1,1.2094926810023026
100000,16,256,200,300,0.0,client,online,roudn1,1.1977269039998646
100000,16,256,200,300,0.0,client,online,roudn1,1.222092090996739
100000,16,256,200,300,0.0,client,online,roudn1,1.2330438459975994
100000,16,256,200,300,0.0,client,online,roudn1,1.2319577739981469
100000,16,256,200,300,0.0,client,online,roudn1,1.2303467640012968
100000,16,256,200,300,0.0,client,online,roudn1,1.3096386199977132
100000,16,256,200,300,0.0,client,online,roudn1,1.253645830998721
100000,16,256,200,300,0.0,client,online,roudn1,1.2306711519995588
100000,16,256,200,300,0.0,client,online,roudn1,1.2663553990059881
100000,16,256,200,300,0.0,client,online,roudn1,1.2633360890031327
100000,16,256,200,300,0.0,client,online,roudn1,1.3162957340027788
100000,16,256,200,300,0.0,client,online,roudn1,1.8844929409970064
100000,16,256,200,300,0.0,client,online,roudn1,1.2520659220026573
100000,16,256,200,300,0.0,client,online,roudn1,1.2617678940005135
100000,16,256,200,300,0.0,client,online,roudn1,1.2468772380016162
100000,16,256,200,300,0.0,client,online,roudn1,1.2628281009965576
100000,16,256,200,300,0.0,client,online,roudn1,1.2328058460043394
100000,16,256,200,300,0.0,client,online,roudn1,1.2946847720013466
100000,16,256,200,300,0.0,client,online,roudn1,1.2338491000045906
100000,16,256,200,300,0.0,client,online,roudn1,1.2513783460017294
100000,16,256,200,300,0.0,client,online,roudn1,1.1975248380040284
100000,16,256,200,300,0.0,client,online,roudn1,1.192005988996243
100000,16,256,200,300,0.0,client,online,roudn1,1.6558792270006961
100000,16,256,200,300,0.0,client,online,roudn1,1.2278506079965155
100000,16,256,200,300,0.0,client,online,roudn1,1.1966143539975747
100000,16,256,200,300,0.0,client,online,roudn1,1.1788738690011087
100000,16,256,200,300,0.0,client,online,roudn1,1.2208097920010914
100000,16,256,200,300,0.0,client,online,roudn1,1.2443758740046178
100000,16,256,200,300,0.0,client,online,roudn1,1.265595018005115
100000,16,256,200,300,0.0,client,online,roudn1,1.2118199180040392
100000,16,256,200,300,0.0,client,online,roudn1,1.2543693490006262
100000,16,256,200,300,0.0,client,online,roudn1,1.2492122360054054
100000,16,256,200,300,0.0,client,online,roudn1,1.242453166996711
100000,16,256,200,300,0.0,client,online,roudn1,1.799382682002033
100000,16,256,200,300,0.0,client,online,roudn1,1.2856579879953642
100000,16,256,200,300,0.0,client,online,roudn1,1.211975888996676
100000,16,256,200,300,0.0,client,online,roudn1,1.2357298790011555
100000,16,256,200,300,0.0,client,online,roudn1,1.2346778660066775
100000,16,256,200,300,0.0,client,online,roudn1,1.2480280449963175
100000,16,256,200,300,0.0,client,online,roudn1,1.2188104980014032
100000,16,256,200,300,0.0,client,online,roudn1,1.237504552998871
100000,16,256,200,300,0.0,client,online,roudn1,1.2241732159964158
100000,16,256,200,300,0.0,client,online,roudn1,1.2219039210031042
100000,16,256,200,300,0.0,client,online,roudn1,1.2773351679934422
100000,16,256,200,300,0.0,client,online,roudn1,1.6501239439967321
100000,16,256,200,300,0.0,client,online,roudn1,1.223348077000992
100000,16,256,200,300,0.0,client,online,roudn1,1.2494935959985014
100000,16,256,200,300,0.0,client,online,roudn1,1.2068598989935708
100000,16,256,200,300,0.0,client,online,roudn1,1.1732576189970132
100000,16,256,200,300,0.0,client,online,roudn1,1.162536429001193
100000,16,256,200,300,0.0,client,online,roudn1,1.1815639040069073
100000,16,256,200,300,0.0,client,online,roudn1,1.1674410909981816
100000,16,256,200,300,0.0,client,online,roudn1,1.1364037649982492
100000,16,256,200,300,0.0,client,online,roudn1,1.1567964749992825
100000,16,256,200,300,0.0,client,online,roudn1,1.1497619660003693
100000,16,256,200,300,0.0,client,online,roudn1,1.5614705359985237
100000,16,256,200,300,0.0,client,online,roudn1,1.1641604469987215
100000,16,256,200,300,0.0,client,online,roudn1,1.1760813940054504
100000,16,256,200,300,0.0,client,online,roudn1,1.1421930459982832
100000,16,256,200,300,0.0,client,online,roudn1,1.1574640020044171
100000,16,256,200,300,0.0,client,online,roudn1,1.1674173959982
100000,16,256,200,300,0.0,client,online,roudn1,1.1614675520031597
100000,16,256,200,300,0.0,client,online,roudn1,1.1464782410039334
100000,16,256,200,300,0.0,client,online,roudn1,1.1585660860000644
100000,16,256,200,300,0.0,client,online,roudn1,1.1735839360044338
100000,16,256,200,300,0.0,client,online,roudn1,1.172859795995464
100000,16,256,200,300,0.0,client,online,roudn1,1.5222859939967748
100000,16,256,200,300,0.0,client,online,roudn1,1.1587123509962112
100000,16,256,200,300,0.0,client,online,roudn1,1.1467606180012808
100000,16,256,200,300,0.0,client,online,roudn1,1.1320646230014972
100000,16,256,200,300,0.0,client,online,roudn1,1.1474893400009023
100000,16,256,200,300,0.0,client,online,roudn1,1.1416212710028049
100000,16,256,200,300,0.0,client,online,roudn1,1.1566641940007685
100000,16,256,200,300,0.0,client,online,roudn1,1.1298903380011325
100000,16,256,200,300,0.0,client,online,roudn1,1.1427251849963795
100000,16,256,200,300,0.0,client,online,roudn1,1.1739657200014335
100000,16,256,200,300,0.0,client,online,roudn1,1.1851671969998279
100000,16,256,200,300,0.0,client,online,roudn1,1.6544076240024879
100000,16,256,200,300,0.0,client,online,roudn1,1.2069172510018689
100000,16,256,200,300,0.0,client,online,roudn1,1.1903421280003386
100000,16,256,200,300,0.0,client,online,roudn1,1.1415281669978867
100000,16,256,200,300,0.0,client,online,roudn1,1.193030906993954
100000,16,256,200,300,0.0,client,online,roudn1,1.1584669090007083
100000,16,256,200,300,0.0,client,online,roudn1,1.1872069979945081
100000,16,256,200,300,0.0,client,online,roudn1,1.1708702160030953
100000,16,256,200,300,0.0,client,online,roudn1,1.152545695003937
100000,16,256,200,300,0.0,client,online,roudn1,1.1653857870041975
100000,16,256,200,300,0.0,client,online,roudn1,1.1853999940067297
100000,16,256,200,300,0.0,client,online,roudn1,1.6202798259982956
100000,16,256,200,300,0.0,client,online,roudn1,1.1472409880007035
100000,16,256,200,300,0.0,client,online,roudn1,1.1926089490007143
100000,16,256,200,300,0.0,client,online,roudn1,1.2223891309986357
100000,16,256,200,300,0.0,client,online,roudn1,1.2071560679978575
100000,16,256,200,300,0.0,client,online,roudn1,1.1994303499959642
100000,16,256,200,300,0.0,client,online,roudn1,1.1812243340027635
100000,16,256,200,300,0.0,client,online,roudn1,1.195211416001257
100000,16,256,200,300,0.0,client,online,roudn1,1.213577898000949
100000,16,256,200,300,0.0,client,online,roudn1,1.1982532270048978
100000,16,256,200,300,0.0,client,online,roudn1,1.1913439670024673
100000,16,256,200,300,0.0,client,online,roudn1,1.5859924350006622
100000,16,256,200,300,0.0,client,online,roudn1,1.2200060280010803
100000,16,256,200,300,0.0,client,online,roudn1,1.2163667600034387
100000,16,256,200,300,0.0,client,online,roudn1,1.242632904999482
100000,16,256,200,300,0.0,client,online,roudn1,1.2012749560017255
100000,16,256,200,300,0.0,client,online,roudn1,1.211986012996931
100000,16,256,200,300,0.0,client,online,roudn1,1.2207335210041492
100000,16,256,200,300,0.0,client,online,roudn1,1.259575390999089
100000,16,256,200,300,0.0,client,online,roudn1,1.2923706169967772
100000,16,256,200,300,0.0,client,online,roudn1,1.2984316689980915
100000,16,256,200,300,0.0,client,online,roudn1,1.295965975994477
100000,16,256,200,300,0.0,client,online,roudn1,1.786680224002339
100000,16,256,200,300,0.0,client,online,roudn1,1.192186311003752
100000,16,256,200,300,0.0,client,online,roudn1,1.1649345270052436
100000,16,256,200,300,0.0,client,online,roudn1,1.140845606001676
100000,16,256,200,300,0.0,client,online,roudn1,1.1371312490009586
100000,16,256,200,300,0.0,client,online,roudn1,1.1676409229985438
100000,16,256,200,300,0.0,client,online,roudn1,1.2554667079966748
100000,16,256,200,300,0.0,client,online,roudn1,1.2198280890006572
100000,16,256,200,300,0.0,client,online,roudn1,1.2461663449939806
100000,16,256,200,300,0.0,client,online,roudn1,1.2342237220000243
100000,16,256,200,300,0.0,client,online,roudn1,1.2519798099965556
100000,16,256,200,300,0.0,client,online,roudn1,1.7778540939980303
100000,16,256,200,300,0.0,client,online,roudn1,1.1834087839961285
100000,16,256,200,300,0.0,client,online,roudn1,1.197471689003578
100000,16,256,200,300,0.0,client,online,roudn1,1.169323466005153
100000,16,256,200,300,0.0,client,online,roudn1,1.159896570003184
100000,16,256,200,300,0.0,client,online,roudn1,1.1529290459948243
100000,16,256,200,300,0.0,client,online,roudn1,1.1595487159938784
100000,16,256,200,300,0.0,client,online,roudn1,1.1474812039959943
100000,16,256,200,300,0.0,client,online,roudn1,1.1623328179994132
100000,16,256,200,300,0.0,client,online,roudn1,1.1675706800015178
100000,16,256,200,300,0.0,client,online,roudn1,1.16192800400313
100000,16,256,200,300,0.0,client,online,roudn1,1.57053625700064
100000,16,256,200,300,0.0,client,online,roudn1,1.156424872999196
100000,16,256,200,300,0.0,client,online,roudn1,1.1537816030031536
100000,16,256,200,300,0.0,client,online,roudn1,1.1755895239984966
100000,16,256,200,300,0.0,client,online,roudn1,1.1742499279935146
100000,16,256,200,300,0.0,client,online,roudn1,1.1778251590003492
100000,16,256,200,300,0.0,client,online,roudn1,1.1610584200025187
100000,16,256,200,300,0.0,client,online,roudn1,1.1599709340007394
100000,16,256,200,300,0.0,client,online,roudn1,1.1788992360015982
100000,16,256,200,300,0.0,client,online,roudn1,1.152619873995718
100000,16,256,200,300,0.0,client,online,roudn1,1.1568787770011113
100000,16,256,200,300,0.0,client,online,roudn1,1.180292974000622
100000,16,256,200,300,0.0,client,online,roudn1,1.573988449999888
100000,16,256,200,300,0.0,client,online,roudn1,1.204544543994416
100000,16,256,200,300,0.0,client,online,roudn1,1.168622059005429
100000,16,256,200,300,0.0,client,online,roudn1,1.1744658509996952
100000,16,256,200,300,0.0,client,online,roudn1,1.1893046369950753
100000,16,256,200,300,0.0,client,online,roudn1,1.1866929109964985
100000,16,256,200,300,0.0,client,online,roudn1,1.2070808419957757
100000,16,256,200,300,0.0,client,online,roudn1,1.1745020230009686
100000,16,256,200,300,0.0,client,online,roudn1,1.1892601309955353
100000,16,256,200,300,0.0,client,online,roudn1,1.1889237169962144
100000,16,256,200,300,0.0,client,online,roudn1,1.167991438000172
100000,16,256,200,300,0.0,client,online,roudn1,1.1666756569975405
100000,16,256,200,300,0.0,client,online,roudn1,1.159351587004494
100000,16,256,200,300,0.0,client,online,roudn1,1.149079132002953
100000,16,256,200,300,0.0,client,online,roudn1,1.1506557130051078
100000,16,256,200,300,0.0,client,online,roudn1,1.1736871280008927
100000,16,256,200,300,0.0,client,online,roudn1,1.1558351109997602
100000,16,256,200,300,0.0,client,online,roudn1,1.1704907480016118
100000,16,256,200,300,0.0,client,online,roudn1,1.158574019005755
100000,16,256,200,300,0.0,client,online,roudn1,1.1578049240051769
100000,16,256,200,300,0.0,client,online,roudn1,1.1791431739984546
100000,16,256,200,300,0.0,client,online,roudn1,1.1858909290021984
100000,16,256,200,300,0.0,client,online,roudn1,1.5653800539948861
100000,16,256,200,300,0.0,client,online,roudn1,1.1522814730051323
100000,16,256,200,300,0.0,client,online,roudn1,1.160066229000222
100000,16,256,200,300,0.0,client,online,roudn1,1.128170873002091
100000,16,256,200,300,0.0,client,online,roudn1,1.1803467200006708
100000,16,256,200,300,0.0,client,online,roudn1,1.1685639770003036
100000,16,256,200,300,0.0,client,online,roudn1,1.1585094299953198
100000,16,256,200,300,0.0,client,online,roudn1,1.170357007002167
100000,16,256,200,300,0.0,client,online,roudn1,1.1646144170008483
100000,16,256,200,300,0.0,client,online,roudn1,1.1804597190057393
100000,16,256,200,300,0.0,client,online,roudn1,1.1838801680059987
100000,16,256,200,300,0.0,client,online,roudn1,1.1681921019990114
100000,16,256,200,300,0.0,client,online,roudn1,1.1499030069971923
100000,16,256,200,300,0.0,client,online,roudn1,1.138132037995092
100000,16,256,200,300,0.0,client,online,roudn1,1.156012195002404
100000,16,256,200,300,0.0,client,online,roudn1,1.5833691349980654
100000,16,256,200,300,0.0,client,online,roudn1,1.161996247996285
100000,16,256,200,300,0.0,client,online,roudn1,1.16846913399786
100000,16,256,200,300,0.0,client,online,roudn1,1.1651766709983349
100000,16,256,200,300,0.0,client,online,roudn1,1.1582456899996032
100000,16,256,200,300,0.0,client,online,roudn1,1.1598469550008303
100000,16,256,200,300,0.0,client,online,roudn1,1.175827778999519
100000,16,256,200,300,0.0,client,online,roudn1,1.1856242930007284
100000,16,256,200,300,0.0,client,online,roudn1,1.1740810529954615
100000,16,256,200,300,0.0,client,online,roudn1,1.2135968460061122
100000,16,256,200,300,0.0,client,online,roudn1,1.1829100460017798
100000,16,256,200,300,0.0,client,online,roudn1,1.1540764489982394
100000,16,256,200,300,0.0,client,online,roudn1,1.2147714490056387
100000,16,256,200,300,0.0,client,online,roudn1,1.587124286001199
100000,16,256,200,300,0.0,client,online,roudn1,1.1696163230008096
100000,16,256,200,300,0.0,client,online,roudn1,1.2120368309988407
100000,16,256,200,300,0.0,client,online,roudn1,1.1455776180009707
100000,16,256,200,300,0.0,client,online,roudn1,1.1927183299994795
100000,16,256,200,300,0.0,client,online,roudn1,1.2075673100043787
100000,16,256,200,300,0.0,client,online,roudn1,1.2438295300016762
100000,16,256,200,300,0.0,client,online,roudn1,1.1695009649993153
100000,16,256,200,300,0.0,client,online,roudn1,1.1702463119945605
100000,16,256,200,300,0.0,client,online,roudn1,1.1780718189984327
100000,16,256,200,300,0.0,client,online,roudn1,1.1803183020019787
100000,16,256,200,300,0.0,client,online,roudn1,1.7051884060056182
100000,16,256,200,300,0.0,client,online,roudn1,1.1895109280012548
100000,16,256,200,300,0.0,client,online,roudn1,1.1535412429948337
100000,16,256,200,300,0.0,client,online,roudn1,1.1727966840044246
100000,16,256,200,300,0.0,client,online,roudn1,1.171960665997176
100000,16,256,200,300,0.0,client,online,roudn1,1.1639816560054896
100000,16,256,200,300,0.0,client,online,roudn1,1.1955413820032845
100000,16,256,200,300,0.0,client,online,roudn1,1.1575884139965638
100000,16,256,200,300,0.0,client,online,roudn1,1.181112222999218
100000,16,256,200,300,0.0,client,online,roudn1,1.1822824829941965
100000,16,256,200,300,0.0,client,online,roudn1,1.178518818000157
100000,16,256,200,300,0.0,client,online,roudn1,1.6295152960010455
100000,16,256,200,300,0.0,client,online,roudn1,1.1562749270015047
100000,16,256,200,300,0.0,client,online,roudn1,1.1716616839985363
100000,16,256,200,300,0.0,client,online,roudn1,1.1888696530004381
100000,16,256,200,300,0.0,client,online,roudn1,1.1391934080020292
100000,16,256,200,300,0.0,client,online,roudn1,1.1074955929943826
100000,16,256,200,300,0.0,client,online,roudn1,1.1964788510013022
100000,16,256,200,300,0.0,client,online,roudn1,1.1632171290038968
100000,16,256,200,300,0.0,client,online,roudn1,1.139689431998704
100000,16,256,200,300,0.0,client,online,roudn1,1.186588902004587
100000,16,256,200,300,0.0,client,online,roudn1,1.1537807610002346
100000,16,256,200,300,0.0,client,online,roudn1,1.5714319039980182
100000,16,256,200,300,0.0,client,online,roudn1,1.1467954229956376
100000,16,256,200,300,0.0,client,online,roudn1,1.164642700998229
100000,16,256,200,300,0.0,client,online,roudn1,1.1571163879998494
100000,16,256,200,300,0.0,client,online,roudn1,1.1813011709964485
100000,16,256,200,300,0.0,client,online,roudn1,1.1696517879972816
100000,16,256,200,300,0.0,client,online,roudn1,1.1749387060044683
100000,16,256,200,300,0.0,client,online,roudn1,1.1578328530013096
100000,16,256,200,300,0.0,client,online,roudn1,1.1687841199964168
100000,16,256,200,300,0.0,client,online,roudn1,1.1718573830003152
100000,16,256,200,300,0.0,client,online,roudn1,1.1614529170037713
100000,16,256,200,300,0.0,client,online,roudn1,1.174567364003451
100000,16,256,200,300,0.0,client,online,roudn1,1.5868287379998947
100000,16,256,200,300,0.0,client,online,roudn1,1.1140568720002193
100000,16,256,200,300,0.0,client,online,roudn1,1.1392101089950302
100000,16,256,200,300,0.0,client,online,roudn1,1.1589445210047415
100000,16,256,200,300,0.0,client,online,roudn1,1.1453748869971605
100000,16,256,200,300,0.0,client,online,roudn1,1.113839707999432
100000,16,256,200,300,0.0,client,online,roudn1,1.1173856960012927
100000,16,256,200,300,0.0,client,online,roudn1,1.0963408699972206
100000,16,256,200,300,0.0,client,online,roudn1,1.133531800005585
100000,16,256,200,300,0.0,client,online,roudn1,1.130473159995745
100000,16,256,200,300,0.0,client,online,roudn1,1.1493793869958608
100000,16,256,200,300,0.0,client,online,roudn1,1.1583251429983648
100000,16,256,200,300,0.0,client,online,roudn1,1.5211217649994069
100000,16,256,200,300,0.0,client,online,roudn1,1.1181520629979786
100000,16,256,200,300,0.0,client,online,roudn1,1.1234375549975084
100000,16,256,200,300,0.0,client,online,roudn1,1.1651271170048858
100000,16,256,200,300,0.0,client,online,roudn1,1.1611071239967714
100000,16,256,200,300,0.0,client,online,roudn1,1.1712670409979182
100000,16,256,200,300,0.0,client,online,roudn1,1.1594152109973948
100000,16,256,200,300,0.0,client,online,roudn1,1.1754098439996596
100000,16,256,200,300,0.0,client,online,roudn1,1.1585780280001927
100000,16,256,200,300,0.0,client,online,roudn1,1.1762898400047561
100000,16,256,200,300,0.0,client,online,roudn1,1.167720614997961
100000,16,256,200,300,0.0,client,online,roudn1,1.1614630940021016
100000,16,256,200,300,0.0,client,online,roudn1,1.1570639990022755
100000,16,256,200,300,0.0,client,online,roudn1,1.5965196499964804
100000,16,256,200,300,0.0,client,online,roudn1,1.1738317590061342
100000,16,256,200,300,0.0,client,online,roudn1,1.174225763999857
100000,16,256,200,300,0.0,client,online,roudn1,1.1763249910000013
100000,16,256,200,300,0.0,client,online,roudn1,1.1620389909949154
100000,16,256,200,300,0.0,client,online,roudn1,1.1430562130044564
100000,16,256,200,300,0.0,client,online,roudn1,1.2082518729948788
100000,16,256,200,300,0.0,client,online,roudn1,1.1860290990007343
100000,16,256,200,300,0.0,client,online,roudn1,1.1724923689980642
100000,16,256,200,300,0.0,client,online,roudn1,1.1678433569977642
100000,16,256,200,300,0.0,client,online,roudn1,1.1440905850031413
100000,16,256,200,300,0.0,client,online,roudn1,1.1716617290003342
100000,16,256,200,300,0.0,client,online,roudn1,1.1457252599939238
100000,16,256,200,300,0.0,client,online,roudn1,1.5699128819978796
100000,16,256,200,300,0.0,client,online,roudn1,1.1462046960004955
100000,16,256,200,300,0.0,client,online,roudn1,1.147466889997304
100000,16,256,200,300,0.0,client,online,roudn1,1.1858063409963506
100000,16,256,200,300,0.0,client,online,roudn1,1.1915157020048355
100000,16,256,200,300,0.0,client,online,roudn1,1.1657295920012984
100000,16,256,200,300,0.0,client,online,roudn1,1.1481731259991648
100000,16,256,200,300,0.0,client,online,roudn1,1.1707236939982977
100000,16,256,200,300,0.0,client,online,roudn1,1.181869022999308
100000,16,256,200,300,0.0,client,online,roudn1,1.1934795260021929
100000,16,256,200,300,0.0,client,online,roudn1,1.1921349569965969
100000,16,256,200,300,0.0,client,online,roudn1,1.1709987119975267
100000,16,256,200,300,0.0,client,online,roudn1,1.2193031860006158
100000,16,256,200,300,0.0,client,online,roudn1,1.2287885149999056
100000,16,256,200,300,0.0,client,online,roudn1,1.6350916840019636
100000,16,256,200,300,0.0,client,online,roudn1,1.1767090280045522
100000,16,256,200,300,0.0,client,online,roudn1,1.188990834998549
100000,16,256,200,300,0.0,server,online,round1,0.020197514997562394
100000,16,256,200,300,0.0,server,online,round1,0.013686178004718386
100000,16,256,200,300,0.0,server,online,round1,0.012473857001168653
100000,16,256,200,300,0.0,server,online,round1,0.013122460004524328
100000,16,256,200,300,0.0,server,online,round1,0.012828655999328475
100000,16,256,200,300,0.0,client,online,round2,25.523143335994973
100000,16,256,200,300,0.0,client,online,round2,25.94294102799904
100000,16,256,200,300,0.0,client,online,round2,25.181292934998055
100000,16,256,200,300,0.0,client,online,round2,25.37992792300065
100000,16,256,200,300,0.0,client,online,round2,25.751758659003826
100000,16,256,200,300,0.0,client,online,round2,25.29800326500117
100000,16,256,200,300,0.0,client,online,round2,25.822200643000542
100000,16,256,200,300,0.0,client,online,round2,25.533430503004638
100000,16,256,200,300,0.0,client,online,round2,24.927107006995357
100000,16,256,200,300,0.0,client,online,round2,24.94758205299877
100000,16,256,200,300,0.0,client,online,round2,24.9477999869996
100000,16,256,200,300,0.0,client,online,round2,25.021213455002
100000,16,256,200,300,0.0,client,online,round2,25.80559906599956
100000,16,256,200,300,0.0,client,online,round2,25.607684492999397
100000,16,256,200,300,0.0,client,online,round2,24.97778296800243
100000,16,256,200,300,0.0,client,online,round2,25.95764919299836
100000,16,256,200,300,0.0,client,online,round2,25.032234010999673
100000,16,256,200,300,0.0,client,online,round2,24.858226086995273
100000,16,256,200,300,0.0,client,online,round2,24.962622441002168
100000,16,256,200,300,0.0,client,online,round2,26.20740293899871
100000,16,256,200,300,0.0,client,online,round2,24.96072814899526
100000,16,256,200,300,0.0,client,online,round2,23.885224976002064
100000,16,256,200,300,0.0,client,online,round2,25.124396257000626
100000,16,256,200,300,0.0,client,online,round2,24.571150701995066
100000,16,256,200,300,0.0,client,online,round2,24.48508885499905
100000,16,256,200,300,0.0,client,online,round2,24.354773473998648
100000,16,256,200,300,0.0,client,online,round2,24.9418696740031
100000,16,256,200,300,0.0,client,online,round2,24.795820604995242
100000,16,256,200,300,0.0,client,online,round2,25.840609891005442
100000,16,256,200,300,0.0,client,online,round2,26.56862722599908
100000,16,256,200,300,0.0,client,online,round2,25.737399905003258
100000,16,256,200,300,0.0,client,online,round2,25.589423963996524
100000,16,256,200,300,0.0,client,online,round2,25.776338573996327
100000,16,256,200,300,0.0,client,online,round2,26.023974048999662
100000,16,256,200,300,0.0,client,online,round2,25.797629767002945
100000,16,256,200,300,0.0,client,online,round2,24.92352686799859
100000,16,256,200,300,0.0,client,online,round2,25.59102564099885
100000,16,256,200,300,0.0,client,online,round2,26.03009156999906
100000,16,256,200,300,0.0,client,online,round2,24.90760600599606
100000,16,256,200,300,0.0,client,online,round2,25.027555758002563
100000,16,256,200,300,0.0,client,online,round2,25.618592554004863
100000,16,256,200,300,0.0,client,online,round2,25.779342103996896
100000,16,256,200,300,0.0,client,online,round2,26.378487348003546
100000,16,256,200,300,0.0,client,online,round2,25.85636419399816
100000,16,256,200,300,0.0,client,online,round2,25.14244525099639
100000,16,256,200,300,0.0,client,online,round2,24.751617198999156
100000,16,256,200,300,0.0,client,online,round2,24.60869645600178
100000,16,256,200,300,0.0,client,online,round2,24.81084989199735
100000,16,256,200,300,0.0,client,online,round2,25.72750151299988
100000,16,256,200,300,0.0,client,online,round2,26.02939387299557
100000,16,256,200,300,0.0,client,online,round2,24.607130945994868
100000,16,256,200,300,0.0,client,online,round2,24.638130965999153
100000,16,256,200,300,0.0,client,online,round2,24.826805147000414
100000,16,256,200,300,0.0,client,online,round2,25.01755851299822
100000,16,256,200,300,0.0,client,online,round2,25.30952746800176
100000,16,256,200,300,0.0,client,online,round2,24.362588936004613
100000,16,256,200,300,0.0,client,online,round2,24.209895478001272
100000,16,256,200,300,0.0,client,online,round2,24.377622675994644
100000,16,256,200,300,0.0,client,online,round2,25.01847266999539
100000,16,256,200,300,0.0,client,online,round2,25.069404000998475
100000,16,256,200,300,0.0,client,online,round2,25.449076516997593
100000,16,256,200,300,0.0,client,online,round2,24.703360054998484
100000,16,256,200,300,0.0,client,online,round2,25.242242811000324
100000,16,256,200,300,0.0,client,online,round2,24.93690198299737
100000,16,256,200,300,0.0,client,online,round2,25.00003482199827
100000,16,256,200,300,0.0,client,online,round2,24.509055397997145
100000,16,256,200,300,0.0,client,online,round2,24.599349987001915
100000,16,256,200,300,0.0,client,online,round2,24.16984816799959
100000,16,256,200,300,0.0,client,online,round2,25.00290030999895
100000,16,256,200,300,0.0,client,online,round2,24.967968698998448
100000,16,256,200,300,0.0,client,online,round2,24.132497349004552
100000,16,256,200,300,0.0,client,online,round2,24.34048563500255
100000,16,256,200,300,0.0,client,online,round2,24.826500937000674
100000,16,256,200,300,0.0,client,online,round2,25.554005574995244
100000,16,256,200,300,0.0,client,online,round2,25.754413589005708
100000,16,256,200,300,0.0,client,online,round2,25.017505602998426
100000,16,256,200,300,0.0,client,online,round2,24.95751891400141
100000,16,256,200,300,0.0,client,online,round2,25.22877045999485
100000,16,256,200,300,0.0,client,online,round2,24.90234405099909
100000,16,256,200,300,0.0,client,online,round2,25.625261104003584
100000,16,256,200,300,0.0,client,online,round2,24.8161690909983
100000,16,256,200,300,0.0,client,online,round2,24.462760845002776
100000,16,256,200,300,0.0,client,online,round2,24.48670214699814
100000,16,256,200,300,0.0,client,online,round2,24.30983065700275
100000,16,256,200,300,0.0,client,online,round2,24.489639995998004
100000,16,256,200,300,0.0,client,online,round2,24.340944413001125
100000,16,256,200,300,0.0,client,online,round2,24.470056307996856
100000,16,256,200,300,0.0,client,online,round2,24.102851308001846
100000,16,256,200,300,0.0,client,online,round2,23.51783370699559
100000,16,256,200,300,0.0,client,online,round2,24.991078347993607
100000,16,256,200,300,0.0,client,online,round2,24.684949317001156
100000,16,256,200,300,0.0,client,online,round2,24.827597349001735
100000,16,256,200,300,0.0,client,online,round2,24.76049466599943
100000,16,256,200,300,0.0,client,online,round2,24.744778920998215
100000,16,256,200,300,0.0,client,online,round2,25.02985816200089
100000,16,256,200,300,0.0,client,online,round2,24.03436022999813
100000,16,256,200,300,0.0,client,online,round2,24.34389443299733
100000,16,256,200,300,0.0,client,online,round2,25.269181056995876
100000,16,256,200,300,0.0,client,online,round2,25.762175199997728
100000,16,256,200,300,0.0,client,online,round2,26.347243285999866
100000,16,256,200,300,0.0,client,online,round2,25.562853790994268
100000,16,256,200,300,0.0,client,online,round2,24.919748733002052
100000,16,256,200,300,0.0,client,online,round2,25.565566621997277
100000,16,256,200,300,0.0,client,online,round2,25.142066190004698
100000,16,256,200,300,0.0,client,online,round2,25.202220232997206
100000,16,256,200,300,0.0,client,online,round2,25.525668592999864
100000,16,256,200,300,0.0,client,online,round2,25.621616301999893
100000,16,256,200,300,0.0,client,online,round2,25.109535796000273
100000,16,256,200,300,0.0,client,online,round2,25.259898984004394
100000,16,256,200,300,0.0,client,online,round2,26.353807733001304
100000,16,256,200,300,0.0,client,online,round2,25.324929425994924
100000,16,256,200,300,0.0,client,online,round2,24.870892560997163
100000,16,256,200,300,0.0,client,online,round2,24.51845970100112
100000,16,256,200,300,0.0,client,online,round2,24.851634952996392
100000,16,256,200,300,0.0,client,online,round2,25.154395593999652
100000,16,256,200,300,0.0,client,online,round2,24.632782212996972
100000,16,256,200,300,0.0,client,online,round2,24.66063116100122
100000,16,256,200,300,0.0,client,online,round2,24.6295826630012
100000,16,256,200,300,0.0,client,online,round2,25.638431250001304
100000,16,256,200,300,0.0,client,online,round2,26.151645976002328
100000,16,256,200,300,0.0,client,online,round2,25.142663187005382
100000,16,256,200,300,0.0,client,online,round2,25.77126889200008
100000,16,256,200,300,0.0,client,online,round2,25.039133940001193
100000,16,256,200,300,0.0,client,online,round2,25.30627049999748
100000,16,256,200,300,0.0,client,online,round2,25.362043234999874
100000,16,256,200,300,0.0,client,online,round2,24.61572590900323
100000,16,256,200,300,0.0,client,online,round2,24.773155827002483
100000,16,256,200,300,0.0,client,online,round2,24.713456591998693
100000,16,256,200,300,0.0,client,online,round2,24.753014180001628
100000,16,256,200,300,0.0,client,online,round2,24.94346078300441
100000,16,256,200,300,0.0,client,online,round2,24.64197791300103
100000,16,256,200,300,0.0,client,online,round2,24.767497084998467
100000,16,256,200,300,0.0,client,online,round2,24.863712122001743
100000,16,256,200,300,0.0,client,online,round2,26.320533998004976
100000,16,256,200,300,0.0,client,online,round2,26.3028203319991
100000,16,256,200,300,0.0,client,online,round2,25.88281560299947
100000,16,256,200,300,0.0,client,online,round2,25.59751607299404
100000,16,256,200,300,0.0,client,online,round2,25.263917217998824
100000,16,256,200,300,0.0,client,online,round2,25.03263293299824
100000,16,256,200,300,0.0,client,online,round2,25.055456305002735
100000,16,256,200,300,0.0,client,online,round2,24.628677516004245
100000,16,256,200,300,0.0,client,online,round2,24.580188263003947
100000,16,256,200,300,0.0,client,online,round2,24.63129544899857
100000,16,256,200,300,0.0,client,online,round2,24.934259175999614
100000,16,256,200,300,0.0,client,online,round2,25.223931346001336
100000,16,256,200,300,0.0,client,online,round2,24.402433019000455
100000,16,256,200,300,0.0,client,online,round2,24.56936935900012
100000,16,256,200,300,0.0,client,online,round2,24.6071318050017
100000,16,256,200,300,0.0,client,online,round2,24.76462540400098
100000,16,256,200,300,0.0,client,online,round2,25.051238218002254
100000,16,256,200,300,0.0,client,online,round2,24.899535332995583
100000,16,256,200,300,0.0,client,online,round2,24.631533241998113
100000,16,256,200,300,0.0,client,online,round2,24.716198078996968
100000,16,256,200,300,0.0,client,online,round2,24.723868467997818
100000,16,256,200,300,0.0,client,online,round2,24.985666675005632
100000,16,256,200,300,0.0,client,online,round2,24.49143999300577
100000,16,256,200,300,0.0,client,online,round2,24.57857705999777
100000,16,256,200,300,0.0,client,online,round2,24.565973634002148
100000,16,256,200,300,0.0,client,online,round2,24.830809562998184
100000,16,256,200,300,0.0,client,online,round2,25.15882204400259
100000,16,256,200,300,0.0,client,online,round2,25.062473892001435
100000,16,256,200,300,0.0,client,online,round2,25.579613415000495
100000,16,256,200,300,0.0,client,online,round2,25.516006234996894
100000,16,256,200,300,0.0,client,online,round2,25.17729165199853
100000,16,256,200,300,0.0,client,online,round2,25.304365415002394
100000,16,256,200,300,0.0,client,online,round2,25.083653048000997
100000,16,256,200,300,0.0,client,online,round2,25.26617460200214
100000,16,256,200,300,0.0,client,online,round2,24.881749369000318
100000,16,256,200,300,0.0,client,online,round2,25.14944198000012
100000,16,256,200,300,0.0,client,online,round2,25.83139581699652
100000,16,256,200,300,0.0,client,online,round2,25.010239710005408
100000,16,256,200,300,0.0,client,online,round2,24.45690152899624
100000,16,256,200,300,0.0,client,online,round2,24.532889464004256
100000,16,256,200,300,0.0,client,online,round2,24.86436952099757
100000,16,256,200,300,0.0,client,online,round2,25.304707066003175
100000,16,256,200,300,0.0,client,online,round2,24.7542419839956
100000,16,256,200,300,0.0,client,online,round2,25.256550824000442
100000,16,256,200,300,0.0,client,online,round2,25.544411755996407
100000,16,256,200,300,0.0,client,online,round2,25.763499189000868
100000,16,256,200,300,0.0,client,online,round2,25.87819945999945
100000,16,256,200,300,0.0,client,online,round2,24.705351751996204
100000,16,256,200,300,0.0,client,online,round2,24.705184002006717
100000,16,256,200,300,0.0,client,online,round2,24.863398503999633
100000,16,256,200,300,0.0,client,online,round2,24.93050483999832
100000,16,256,200,300,0.0,client,online,round2,24.911825236995355
100000,16,256,200,300,0.0,client,online,round2,24.188885978001053
100000,16,256,200,300,0.0,client,online,round2,25.12408696700004
100000,16,256,200,300,0.0,client,online,round2,24.634363816003315
100000,16,256,200,300,0.0,client,online,round2,24.936370782001177
100000,16,256,200,300,0.0,client,online,round2,24.59310910399654
100000,16,256,200,300,0.0,client,online,round2,24.834754290001
100000,16,256,200,300,0.0,client,online,round2,24.39944414600177
100000,16,256,200,300,0.0,client,online,round2,24.672909922002873
100000,16,256,200,300,0.0,client,online,round2,24.965319401999295
100000,16,256,200,300,0.0,client,online,round2,25.079469335003523
100000,16,256,200,300,0.0,client,online,round2,25.616239520000818
100000,16,256,200,300,0.0,client,online,round2,25.55860466800368
100000,16,256,200,300,0.0,client,online,round2,25.432389827001316
100000,16,256,200,300,0.0,client,online,round2,25.164616394002223
100000,16,256,200,300,0.0,client,online,round2,24.420696076005697
100000,16,256,200,300,0.0,client,online,round2,24.621915515999717
100000,16,256,200,300,0.0,client,online,round2,25.01898137399985
100000,16,256,200,300,0.0,client,online,round2,25.580322656001954
100000,16,256,200,300,0.0,client,online,round2,25.29940179800178
100000,16,256,200,300,0.0,client,online,round2,24.952261969003303
100000,16,256,200,300,0.0,client,online,round2,24.517556254999363
100000,16,256,200,300,0.0,client,online,round2,25.630108883000503
100000,16,256,200,300,0.0,client,online,round2,26.036754802997166
100000,16,256,200,300,0.0,client,online,round2,25.8006974969976
100000,16,256,200,300,0.0,client,online,round2,25.62438818699593
100000,16,256,200,300,0.0,client,online,round2,25.15930479200324
100000,16,256,200,300,0.0,client,online,round2,25.74843983000028
100000,16,256,200,300,0.0,client,online,round2,25.61724284599768
100000,16,256,200,300,0.0,client,online,round2,25.820004384004278
100000,16,256,200,300,0.0,client,online,round2,25.628113127997494
100000,16,256,200,300,0.0,client,online,round2,25.500644124993414
100000,16,256,200,300,0.0,client,online,round2,25.51100415199471
100000,16,256,200,300,0.0,client,online,round2,25.04798763099825
100000,16,256,200,300,0.0,client,online,round2,25.04489762400044
100000,16,256,200,300,0.0,client,online,round2,24.80576889099757
100000,16,256,200,300,0.0,client,online,round2,24.7715808369976
100000,16,256,200,300,0.0,client,online,round2,24.812700600996322
100000,16,256,200,300,0.0,client,online,round2,24.917851425001572
100000,16,256,200,300,0.0,client,online,round2,24.92198112999904
100000,16,256,200,300,0.0,client,online,round2,24.801002368003537
100000,16,256,200,300,0.0,client,online,round2,24.76294488200074
100000,16,256,200,300,0.0,client,online,round2,24.061520206996647
100000,16,256,200,300,0.0,client,online,round2,25.347201878001215
100000,16,256,200,300,0.0,client,online,round2,25.577135623003414
100000,16,256,200,300,0.0,client,online,round2,25.70950391200313
100000,16,256,200,300,0.0,client,online,round2,25.66195510599937
100000,16,256,200,300,0.0,client,online,round2,25.940895107996766
100000,16,256,200,300,0.0,client,online,round2,25.29337485799624
100000,16,256,200,300,0.0,client,online,round2,24.90570784099691
100000,16,256,200,300,0.0,client,online,round2,25.044621127002756
100000,16,256,200,300,0.0,client,online,round2,24.651014130002295
100000,16,256,200,300,0.0,client,online,round2,24.752498486006516
100000,16,256,200,300,0.0,client,online,round2,24.71328779099713
100000,16,256,200,300,0.0,client,online,round2,25.11617806799768
100000,16,256,200,300,0.0,client,online,round2,24.73316280799918
100000,16,256,200,300,0.0,client,online,round2,24.745655099999567
100000,16,256,200,300,0.0,client,online,round2,24.844590500004415
100000,16,256,200,300,0.0,client,online,round2,24.74243523000041
100000,16,256,200,300,0.0,client,online,round2,24.949577749001037
100000,16,256,200,300,0.0,client,online,round2,24.757477867999114
100000,16,256,200,300,0.0,client,online,round2,24.852556074001768
100000,16,256,200,300,0.0,client,online,round2,24.754258723995008
100000,16,256,200,300,0.0,client,online,round2,25.13984367300145
100000,16,256,200,300,0.0,client,online,round2,24.74952446699899
100000,16,256,200,300,0.0,client,online,round2,24.392334192998533
100000,16,256,200,300,0.0,client,online,round2,24.745049210003344
100000,16,256,200,300,0.0,client,online,round2,24.414060672999767
100000,16,256,200,300,0.0,client,online,round2,24.077502334999735
100000,16,256,200,300,0.0,client,online,round2,24.534104979000404
100000,16,256,200,300,0.0,client,online,round2,24.35055253599421
100000,16,256,200,300,0.0,client,online,round2,25.0730268719999
100000,16,256,200,300,0.0,client,online,round2,24.71062472500489
100000,16,256,200,300,0.0,client,online,round2,24.741434215997288
100000,16,256,200,300,0.0,client,online,round2,25.17719090400351
100000,16,256,200,300,0.0,client,online,round2,24.728415505000157
100000,16,256,200,300,0.0,client,online,round2,24.68560489900119
100000,16,256,200,300,0.0,client,online,round2,24.124063868999656
100000,16,256,200,300,0.0,client,online,round2,24.724710346999927
100000,16,256,200,300,0.0,client,online,round2,24.87448634100292
100000,16,256,200,300,0.0,client,online,round2,24.90052721900429
100000,16,256,200,300,0.0,client,online,round2,24.635864871001104
100000,16,256,200,300,0.0,client,online,round2,25.41158435700345
100000,16,256,200,300,0.0,client,online,round2,25.524596987001132
100000,16,256,200,300,0.0,client,online,round2,25.715369236000697
100000,16,256,200,300,0.0,client,online,round2,25.964938272998552
100000,16,256,200,300,0.0,client,online,round2,25.588560794996738
100000,16,256,200,300,0.0,client,online,round2,24.723894912000105
100000,16,256,200,300,0.0,client,online,round2,24.566090966000047
100000,16,256,200,300,0.0,client,online,round2,24.429878540999198
100000,16,256,200,300,0.0,client,online,round2,24.7119811809971
100000,16,256,200,300,0.0,client,online,round2,24.977220640997984
100000,16,256,200,300,0.0,client,online,round2,24.782202643000346
100000,16,256,200,300,0.0,client,online,round2,25.13496286100417
100000,16,256,200,300,0.0,client,online,round2,24.756678746001853
100000,16,256,200,300,0.0,client,online,round2,25.046409098998993
100000,16,256,200,300,0.0,client,online,round2,25.037343788004364
100000,16,256,200,300,0.0,client,online,round2,24.66014739900129
100000,16,256,200,300,0.0,client,online,round2,25.116980765000335
100000,16,256,200,300,0.0,client,online,round2,24.915100987003825
100000,16,256,200,300,0.0,client,online,round2,24.965147077004076
100000,16,256,200,300,0.0,client,online,round2,24.574907351998263
100000,16,256,200,300,0.0,client,online,round2,24.73360947400215
100000,16,256,200,300,0.0,client,online,round2,24.986011586006498
100000,16,256,200,300,0.0,client,online,round2,24.852712591004092
100000,16,256,200,300,0.0,client,online,round2,24.928923689003568
100000,16,256,200,300,0.0,client,online,round2,25.112170920001518
100000,16,256,200,300,0.0,client,online,round2,25.8856408319989
100000,16,256,200,300,0.0,client,online,round2,26.072803662995284
100000,16,256,200,300,0.0,client,online,round2,25.991304962000868
100000,16,256,200,300,0.0,client,online,round2,26.776158556000155
100000,16,256,200,300,0.0,client,online,round2,25.626124859998527
100000,16,256,200,300,0.0,client,online,round2,25.832833391003078
100000,16,256,200,300,0.0,client,online,round2,25.750383015998523
100000,16,256,200,300,0.0,client,online,round2,25.6986885610022
100000,16,256,200,300,0.0,client,online,round2,25.19989263900061
100000,16,256,200,300,0.0,server,online,round2,0.00366266200580867
100000,16,256,200,300,0.0,server,online,round2,0.00013040499470662326
100000,16,256,200,300,0.0,server,online,round2,0.00011919800454052165
100000,16,256,200,300,0.0,server,online,round2,0.00010641599510563537
100000,16,256,200,300,0.0,server,online,round2,2.067400055238977e-05
100000,16,256,200,300,0.0,client,online,round4,0.06379204199765809
100000,16,256,200,300,0.0,client,online,round4,0.05904774800001178
100000,16,256,200,300,0.0,client,online,round4,0.05782260500564007
100000,16,256,200,300,0.0,client,online,round4,0.05806315099471249
100000,16,256,200,300,0.0,client,online,round4,0.05695419400581159
100000,16,256,200,300,0.0,client,online,round4,1.0890241930028424
100000,16,256,200,300,0.0,client,online,round4,0.0630449000018416
100000,16,256,200,300,0.0,client,online,round4,0.058811037000850774
100000,16,256,200,300,0.0,client,online,round4,0.056418175001454074
100000,16,256,200,300,0.0,client,online,round4,0.05820298499747878
100000,16,256,200,300,0.0,client,online,round4,0.056620750001457054
100000,16,256,200,300,0.0,client,online,round4,0.057018968000193126
100000,16,256,200,300,0.0,client,online,round4,0.05669099600345362
100000,16,256,200,300,0.0,client,online,round4,0.058849426997767296
100000,16,256,200,300,0.0,client,online,round4,0.05971498500002781
100000,16,256,200,300,0.0,client,online,round4,0.05677252200257499
100000,16,256,200,300,0.0,client,online,round4,0.05693591599992942
100000,16,256,200,300,0.0,client,online,round4,0.05658565500198165
100000,16,256,200,300,0.0,client,online,round4,0.05683284100086894
100000,16,256,200,300,0.0,client,online,round4,0.05958993099920917
100000,16,256,200,300,0.0,client,online,round4,0.06128651199833257
100000,16,256,200,300,0.0,client,online,round4,0.058826203996432014
100000,16,256,200,300,0.0,client,online,round4,0.059639779006829485
100000,16,256,200,300,0.0,client,online,round4,0.8461655740029528
100000,16,256,200,300,0.0,client,online,round4,0.06383015000028536
100000,16,256,200,300,0.0,client,online,round4,0.06379523700161371
100000,16,256,200,300,0.0,client,online,round4,0.0631712710019201
100000,16,256,200,300,0.0,client,online,round4,0.0632030959968688
100000,16,256,200,300,0.0,client,online,round4,0.06368302900227718
100000,16,256,200,300,0.0,client,online,round4,0.06195120199845405
100000,16,256,200,300,0.0,client,online,round4,0.0625617149999016
100000,16,256,200,300,0.0,client,online,round4,0.06232586599799106
100000,16,256,200,300,0.0,client,online,round4,0.06245816400041804
100000,16,256,200,300,0.0,client,online,round4,0.06295579799916595
100000,16,256,200,300,0.0,client,online,round4,0.06076757399569033
100000,16,256,200,300,0.0,client,online,round4,0.06302809000044363
100000,16,256,200,300,0.0,client,online,round4,0.06276531800540397
100000,16,256,200,300,0.0,client,online,round4,0.06190716700075427
100000,16,256,200,300,0.0,client,online,round4,0.06339407599443803
100000,16,256,200,300,0.0,client,online,round4,0.062016502997721545
100000,16,256,200,300,0.0,client,online,round4,0.06198754900105996
100000,16,256,200,300,0.0,client,online,round4,0.06303122000099393
100000,16,256,200,300,0.0,client,online,round4,0.06458004099840764
100000,16,256,200,300,0.0,client,online,round4,0.06305002600129228
100000,16,256,200,300,0.0,client,online,round4,0.06344117400294635
100000,16,256,200,300,0.0,client,online,round4,0.06555116800154792
100000,16,256,200,300,0.0,client,online,round4,0.8640798979977262
100000,16,256,200,300,0.0,client,online,round4,0.06357438800478121
100000,16,256,200,300,0.0,client,online,round4,0.06160452800395433
100000,16,256,200,300,0.0,client,online,round4,0.06216265499824658
100000,16,256,200,300,0.0,client,online,round4,0.06760997499804944
100000,16,256,200,300,0.0,client,online,round4,0.06219875600072555
100000,16,256,200,300,0.0,client,online,round4,0.06237684399820864
100000,16,256,200,300,0.0,client,online,round4,0.06302035700355191
100000,16,256,200,300,0.0,client,online,round4,0.0623246030008886
100000,16,256,200,300,0.0,client,online,round4,0.06313485700229649
100000,16,256,200,300,0.0,client,online,round4,0.06312705000163987
100000,16,256,200,300,0.0,client,online,round4,0.06147568699816475
100000,16,256,200,300,0.0,client,online,round4,0.062158139000530355
100000,16,256,200,300,0.0,client,online,round4,0.06274812199990265
100000,16,256,200,300,0.0,client,online,round4,0.06198693199985428
100000,16,256,200,300,0.0,client,online,round4,0.06298225699720206
100000,16,256,200,300,0.0,client,online,round4,0.06243933699443005
100000,16,256,200,300,0.0,client,online,round4,0.06313433800096391
100000,16,256,200,300,0.0,client,online,round4,0.06267443900287617
100000,16,256,200,300,0.0,client,online,round4,0.0632446390009136
100000,16,256,200,300,0.0,client,online,round4,0.06403733100160025
100000,16,256,200,300,0.0,client,online,round4,0.06240152600366855
100000,16,256,200,300,0.0,client,online,round4,0.06369627399544697
100000,16,256,200,300,0.0,client,online,round4,0.06341202100156806
100000,16,256,200,300,0.0,client,online,round4,0.06349951599986525
100000,16,256,200,300,0.0,client,online,round4,0.0645106410011067
100000,16,256,200,300,0.0,client,online,round4,0.0646298459978425
100000,16,256,200,300,0.0,client,online,round4,0.0642182470037369
100000,16,256,200,300,0.0,client,online,round4,0.8931961589987623
100000,16,256,200,300,0.0,client,online,round4,0.06359656800486846
100000,16,256,200,300,0.0,client,online,round4,0.0625368340042769
100000,16,256,200,300,0.0,client,online,round4,0.06342853300157003
100000,16,256,200,300,0.0,client,online,round4,0.06310210099763935
100000,16,256,200,300,0.0,client,online,round4,0.06351179000193952
100000,16,256,200,300,0.0,client,online,round4,0.06276711400278145
100000,16,256,200,300,0.0,client,online,round4,0.061508899001637474
100000,16,256,200,300,0.0,client,online,round4,0.06255349600542104
100000,16,256,200,300,0.0,client,online,round4,0.06203555299725849
100000,16,256,200,300,0.0,client,online,round4,0.06112012200173922
100000,16,256,200,300,0.0,client,online,round4,0.0621270129995537
100000,16,256,200,300,0.0,client,online,round4,0.06126234399562236
100000,16,256,200,300,0.0,client,online,round4,0.061910137002996635
100000,16,256,200,300,0.0,client,online,round4,0.06019113199727144
100000,16,256,200,300,0.0,client,online,round4,0.06071774600422941
100000,16,256,200,300,0.0,client,online,round4,0.060551721006049775
100000,16,256,200,300,0.0,client,online,round4,0.05967506600427441
100000,16,256,200,300,0.0,client,online,round4,0.06159430900152074
100000,16,256,200,300,0.0,client,online,round4,0.05859537400101544
100000,16,256,200,300,0.0,client,online,round4,0.06085631900350563
100000,16,256,200,300,0.0,client,online,round4,0.05993714300711872
100000,16,256,200,300,0.0,client,online,round4,0.0591432600049302
100000,16,256,200,300,0.0,client,online,round4,0.06120140200073365
100000,16,256,200,300,0.0,client,online,round4,0.060626427999523
100000,16,256,200,300,0.0,client,online,round4,0.06187363299977733
100000,16,256,200,300,0.0,client,online,round4,0.06119514199963305
100000,16,256,200,300,0.0,client,online,round4,0.061374139004328754
100000,16,256,200,300,0.0,client,online,round4,0.060141898997244425
100000,16,256,200,300,0.0,client,online,round4,0.060002338999765925
100000,16,256,200,300,0.0,client,online,round4,0.06118972499825759
100000,16,256,200,300,0.0,client,online,round4,0.0613542069986579
100000,16,256,200,300,0.0,client,online,round4,0.060255202995904256
100000,16,256,200,300,0.0,client,online,round4,0.060623801000474487
100000,16,256,200,300,0.0,client,online,round4,0.06189287300367141
100000,16,256,200,300,0.0,client,online,round4,0.8526209609990474
100000,16,256,200,300,0.0,client,online,round4,0.05819128100119997
100000,16,256,200,300,0.0,client,online,round4,0.05701770700397901
100000,16,256,200,300,0.0,client,online,round4,0.05913007799972547
100000,16,256,200,300,0.0,client,online,round4,0.0625362930004485
100000,16,256,200,300,0.0,client,online,round4,0.06374341899936553
100000,16,256,200,300,0.0,client,online,round4,0.06196348299999954
100000,16,256,200,300,0.0,client,online,round4,0.05821361499693012
100000,16,256,200,300,0.0,client,online,round4,0.05797090799751459
100000,16,256,200,300,0.0,client,online,round4,0.058856827999989036
100000,16,256,200,300,0.0,client,online,round4,0.05724527099664556
100000,16,256,200,300,0.0,client,online,round4,0.05833290299779037
100000,16,256,200,300,0.0,client,online,round4,0.05758360100298887
100000,16,256,200,300,0.0,client,online,round4,0.05719379999936791
100000,16,256,200,300,0.0,client,online,round4,0.05735373700008495
100000,16,256,200,300,0.0,client,online,round4,0.057533185005013365
100000,16,256,200,300,0.0,client,online,round4,0.058196714002406225
100000,16,256,200,300,0.0,client,online,round4,0.05787664299714379
100000,16,256,200,300,0.0,client,online,round4,0.05848682099895086
100000,16,256,200,300,0.0,client,online,round4,0.05779598799563246
100000,16,256,200,300,0.0,client,online,round4,0.06166497099911794
100000,16,256,200,300,0.0,client,online,round4,0.05956380799761973
100000,16,256,200,300,0.0,client,online,round4,0.06163662600010866
100000,16,256,200,300,0.0,client,online,round4,0.06150129299930995
100000,16,256,200,300,0.0,client,online,round4,0.060915387999557424
100000,16,256,200,300,0.0,client,online,round4,0.060959752001508605
100000,16,256,200,300,0.0,client,online,round4,0.061856258995248936
100000,16,256,200,300,0.0,client,online,round4,0.058705306000774726
100000,16,256,200,300,0.0,client,online,round4,0.0598763300004066
100000,16,256,200,300,0.0,client,online,round4,0.06148463799763704
100000,16,256,200,300,0.0,client,online,round4,0.057873409998137504
100000,16,256,200,300,0.0,client,online,round4,0.05928316000063205
100000,16,256,200,300,0.0,client,online,round4,0.06085556299512973
100000,16,256,200,300,0.0,client,online,round4,0.05744694899476599
100000,16,256,200,300,0.0,client,online,round4,0.057820731002721004
100000,16,256,200,300,0.0,client,online,round4,0.05715219699777663
100000,16,256,200,300,0.0,client,online,round4,0.05867189000127837
100000,16,256,200,300,0.0,client,online,round4,0.059271500998875126
100000,16,256,200,300,0.0,client,online,round4,0.057742483993934
100000,16,256,200,300,0.0,client,online,round4,0.05984634399646893
100000,16,256,200,300,0.0,client,online,round4,0.057851862999086734
100000,16,256,200,300,0.0,client,online,round4,0.05830491799861193
100000,16,256,200,300,0.0,client,online,round4,0.05853336500149453
100000,16,256,200,300,0.0,client,online,round4,0.05832788399857236
100000,16,256,200,300,0.0,client,online,round4,0.86797238500003
100000,16,256,200,300,0.0,client,online,round4,0.057792369996604975
100000,16,256,200,300,0.0,client,online,round4,0.05923182099650148
100000,16,256,200,300,0.0,client,online,round4,0.05945132800115971
100000,16,256,200,300,0.0,client,online,round4,0.05765417499787873
100000,16,256,200,300,0.0,client,online,round4,0.0578998880009749
100000,16,256,200,300,0.0,client,online,round4,0.057959552003012504
100000,16,256,200,300,0.0,client,online,round4,0.05712129399762489
100000,16,256,200,300,0.0,client,online,round4,0.057673163995787036
100000,16,256,200,300,0.0,client,online,round4,0.05734869000298204
100000,16,256,200,300,0.0,client,online,round4,0.05800023899791995
100000,16,256,200,300,0.0,client,online,round4,0.057593875004386064
100000,16,256,200,300,0.0,client,online,round4,0.05987626700516557
100000,16,256,200,300,0.0,client,online,round4,0.05834073699952569
100000,16,256,200,300,0.0,client,online,round4,0.05810872100119013
100000,16,256,200,300,0.0,client,online,round4,0.05730999799561687
100000,16,256,200,300,0.0,client,online,round4,0.057418693002546206
100000,16,256,200,300,0.0,client,online,round4,0.0560091299994383
100000,16,256,200,300,0.0,client,online,round4,0.056580680997285526
100000,16,256,200,300,0.0,client,online,round4,0.056974586994329
100000,16,256,200,300,0.0,client,online,round4,0.05895303500437876
100000,16,256,200,300,0.0,client,online,round4,0.06271009099873481
100000,16,256,200,300,0.0,client,online,round4,0.05807126100262394
100000,16,256,200,300,0.0,client,online,round4,0.0573005880069104
100000,16,256,200,300,0.0,client,online,round4,0.05921241999749327
100000,16,256,200,300,0.0,client,online,round4,0.05729861599684227
100000,16,256,200,300,0.0,client,online,round4,0.05818347899912624
100000,16,256,200,300,0.0,client,online,round4,0.062228410999523476
100000,16,256,200,300,0.0,client,online,round4,0.06021685100131435
100000,16,256,200,300,0.0,client,online,round4,0.05955721200007247
100000,16,256,200,300,0.0,client,online,round4,0.05792286700307159
100000,16,256,200,300,0.0,client,online,round4,0.05736936600442277
100000,16,256,200,300,0.0,client,online,round4,0.05820574899553321
100000,16,256,200,300,0.0,client,online,round4,0.05726559199683834
100000,16,256,200,300,0.0,client,online,round4,0.0562207360053435
100000,16,256,200,300,0.0,client,online,round4,0.056529994995798916
100000,16,256,200,300,0.0,client,online,round4,0.056865927996113896
100000,16,256,200,300,0.0,client,online,round4,0.05806348999612965
100000,16,256,200,300,0.0,client,online,round4,0.05831883299833862
100000,16,256,200,300,0.0,client,online,round4,0.05945502600661712
100000,16,256,200,300,0.0,client,online,round4,0.05793880000419449
100000,16,256,200,300,0.0,client,online,round4,0.058680559995991644
100000,16,256,200,300,0.0,client,online,round4,0.059045733003586065
100000,16,256,200,300,0.0,client,online,round4,0.05920875899755629
100000,16,256,200,300,0.0,client,online,round4,0.058313251996878535
100000,16,256,200,300,0.0,client,online,round4,0.0582497549985419
100000,16,256,200,300,0.0,client,online,round4,0.058842008002102375
100000,16,256,200,300,0.0,client,online,round4,0.05942636099644005
100000,16,256,200,300,0.0,client,online,round4,0.05828688500332646
100000,16,256,200,300,0.0,client,online,round4,0.05957510200096294
100000,16,256,200,300,0.0,client,online,round4,0.05864958700112766
100000,16,256,200,300,0.0,client,online,round4,0.05809458599833306
100000,16,256,200,300,0.0,client,online,round4,0.05882609900436364
100000,16,256,200,300,0.0,client,online,round4,0.05796649699914269
100000,16,256,200,300,0.0,client,online,round4,0.9183171170006972
100000,16,256,200,300,0.0,client,online,round4,0.05919489399821032
100000,16,256,200,300,0.0,client,online,round4,0.059150886998395436
100000,16,256,200,300,0.0,client,online,round4,0.05833231099677505
100000,16,256,200,300,0.0,client,online,round4,0.05962674899637932
100000,16,256,200,300,0.0,client,online,round4,0.05709943500551162
100000,16,256,200,300,0.0,client,online,round4,0.05723104500066256
100000,16,256,200,300,0.0,client,online,round4,0.05892262999986997
100000,16,256,200,300,0.0,client,online,round4,0.05859351599792717
100000,16,256,200,300,0.0,client,online,round4,0.05865803000051528
100000,16,256,200,300,0.0,client,online,round4,0.057731723005417734
100000,16,256,200,300,0.0,client,online,round4,0.05921680400206242
100000,16,256,200,300,0.0,client,online,round4,0.058951710001565516
100000,16,256,200,300,0.0,client,online,round4,0.058283528000174556
100000,16,256,200,300,0.0,client,online,round4,0.05912607500067679
100000,16,256,200,300,0.0,client,online,round4,0.05786797699693125
100000,16,256,200,300,0.0,client,online,round4,0.05778409099730197
100000,16,256,200,300,0.0,client,online,round4,0.058242781000444666
100000,16,256,200,300,0.0,client,online,round4,0.0583557860009023
100000,16,256,200,300,0.0,client,online,round4,0.058574413997121155
100000,16,256,200,300,0.0,client,online,round4,0.06070434199500596
100000,16,256,200,300,0.0,client,online,round4,0.05981598800281063
100000,16,256,200,300,0.0,client,online,round4,0.05762605000199983
100000,16,256,200,300,0.0,client,online,round4,0.058397795000928454
100000,16,256,200,300,0.0,client,online,round4,0.058160913999017794
100000,16,256,200,300,0.0,client,online,round4,0.058720300999993924
100000,16,256,200,300,0.0,client,online,round4,0.06012953799654497
100000,16,256,200,300,0.0,client,online,round4,0.05767434999870602
100000,16,256,200,300,0.0,client,online,round4,0.05762988099741051
100000,16,256,200,300,0.0,client,online,round4,0.05831551200390095
100000,16,256,200,300,0.0,client,online,round4,0.057208468999306206
100000,16,256,200,300,0.0,client,online,round4,0.05857375799678266
100000,16,256,200,300,0.0,client,online,round4,0.05751297600363614
100000,16,256,200,300,0.0,client,online,round4,0.07330372099386295
100000,16,256,200,300,0.0,client,online,round4,0.0579659110007924
100000,16,256,200,300,0.0,client,online,round4,0.05675647599855438
100000,16,256,200,300,0.0,client,online,round4,0.06942440099373925
100000,16,256,200,300,0.0,client,online,round4,0.05773657700046897
100000,16,256,200,300,0.0,client,online,round4,0.058108598001126666
100000,16,256,200,300,0.0,client,online,round4,0.05818205600371584
100000,16,256,200,300,0.0,client,online,round4,0.059684309002477676
100000,16,256,200,300,0.0,client,online,round4,0.05891920100111747
100000,16,256,200,300,0.0,client,online,round4,0.05846725199808134
100000,16,256,200,300,0.0,client,online,round4,0.05754228700243402
100000,16,256,200,300,0.0,client,online,round4,0.06200028799503343
100000,16,256,200,300,0.0,client,online,round4,0.060468217998277396
100000,16,256,200,300,0.0,client,online,round4,0.0643739849983831
100000,16,256,200,300,0.0,client,online,round4,0.06451290599943604
100000,16,256,200,300,0.0,client,online,round4,0.06058951700106263
100000,16,256,200,300,0.0,client,online,round4,0.058781085004739
100000,16,256,200,300,0.0,client,online,round4,0.05853417199978139
100000,16,256,200,300,0.0,client,online,round4,0.05909845099813538
100000,16,256,200,300,0.0,client,online,round4,0.05861599699710496
100000,16,256,200,300,0.0,client,online,round4,0.05871437000314472
100000,16,256,200,300,0.0,client,online,round4,0.05818176900356775
100000,16,256,200,300,0.0,client,online,round4,0.05677374000515556
100000,16,256,200,300,0.0,client,online,round4,0.0587839419968077
100000,16,256,200,300,0.0,client,online,round4,0.05668941600015387
100000,16,256,200,300,0.0,client,online,round4,0.05721546100539854
100000,16,256,200,300,0.0,client,online,round4,0.05721058600465767
100000,16,256,200,300,0.0,client,online,round4,0.057556265994207934
100000,16,256,200,300,0.0,client,online,round4,0.07208858200465329
100000,16,256,200,300,0.0,client,online,round4,0.05965024699980859
100000,16,256,200,300,0.0,client,online,round4,0.06712953700480284
100000,16,256,200,300,0.0,client,online,round4,0.05885283800307661
100000,16,256,200,300,0.0,client,online,round4,0.05801784499635687
100000,16,256,200,300,0.0,client,online,round4,0.057782117000897415
100000,16,256,200,300,0.0,client,online,round4,1.0174925879982766
100000,16,256,200,300,0.0,client,online,round4,0.057374127994989976
100000,16,256,200,300,0.0,client,online,round4,0.0577413479986717
100000,16,256,200,300,0.0,client,online,round4,0.056784175998473074
100000,16,256,200,300,0.0,client,online,round4,0.056212550996860955
100000,16,256,200,300,0.0,client,online,round4,0.05713000400282908
100000,16,256,200,300,0.0,client,online,round4,0.05789249300141819
100000,16,256,200,300,0.0,client,online,round4,0.057812735001789406
100000,16,256,200,300,0.0,client,online,round4,0.0578521429997636
100000,16,256,200,300,0.0,client,online,round4,0.05815853500098456
100000,16,256,200,300,0.0,client,online,round4,0.05760006899799919
100000,16,256,200,300,0.0,client,online,round4,0.05767997100338107
100000,16,256,200,300,0.0,client,online,round4,0.05898415199771989
100000,16,256,200,300,0.0,client,online,round4,0.0579811189963948
100000,16,256,200,300,0.0,client,online,round4,0.05888179400062654
100000,16,256,200,300,0.0,client,online,round4,0.059081940999021754
100000,16,256,200,300,0.0,client,online,round4,0.057412306996411644
100000,16,256,200,300,0.0,client,online,round4,0.059095889002492186
100000,16,256,200,300,0.0,client,online,round4,0.058074811997357756
100000,16,256,200,300,0.0,client,online,round4,0.060773810000682715
100000,16,256,200,300,0.0,client,online,round4,0.05793837099918164
100000,16,256,200,300,0.0,client,online,round4,0.05779002600320382
100000,16,256,200,300,0.0,client,online,round4,0.061474008005461656
100000,16,256,200,300,0.0,client,online,round4,0.05853994500648696
100000,16,256,200,300,0.0,client,online,round4,0.05880656799854478
100000,16,256,200,300,0.0,client,online,round4,0.05731592799565988
