dimension,inputsize,keysize,threshold,nclients,dropout,entity,phase,round,time
200000,16,2048,200,300,0.3,client,setup,register,0.004590780999933486
200000,16,2048,200,300,0.3,client,setup,register,0.0010813579992827727
200000,16,2048,200,300,0.3,client,setup,register,0.0011519320014485857
200000,16,2048,200,300,0.3,client,setup,register,0.0011098310005763778
200000,16,2048,200,300,0.3,client,setup,register,0.0010905069993896177
200000,16,2048,200,300,0.3,client,setup,register,0.0011084469988418277
200000,16,2048,200,300,0.3,client,setup,register,0.0011755699997593183
200000,16,2048,200,300,0.3,client,setup,register,0.0011305320003884844
200000,16,2048,200,300,0.3,client,setup,register,0.0011110170016763732
200000,16,2048,200,300,0.3,client,setup,register,0.0010524250010348624
200000,16,2048,200,300,0.3,client,setup,register,0.0010212470006081276
200000,16,2048,200,300,0.3,client,setup,register,0.0009657730006438214
200000,16,2048,200,300,0.3,client,setup,register,0.0010011489994212752
200000,16,2048,200,300,0.3,client,setup,register,0.0011185229996044654
200000,16,2048,200,300,0.3,client,setup,register,0.0009376819998578867
200000,16,2048,200,300,0.3,client,setup,register,0.000992197999948985
200000,16,2048,200,300,0.3,client,setup,register,0.0009896169995045057
200000,16,2048,200,300,0.3,client,setup,register,0.0009569450012349989
200000,16,2048,200,300,0.3,client,setup,register,0.001020490000883001
200000,16,2048,200,300,0.3,client,setup,register,0.0010106419995281613
200000,16,2048,200,300,0.3,client,setup,register,0.0010204169993812684
200000,16,2048,200,300,0.3,client,setup,register,0.0009870500016404549
200000,16,2048,200,300,0.3,client,setup,register,0.0010053400001197588
200000,16,2048,200,300,0.3,client,setup,register,0.001020831999994698
200000,16,2048,200,300,0.3,client,setup,register,0.0010520340001676232
200000,16,2048,200,300,0.3,client,setup,register,0.000970425999184954
200000,16,2048,200,300,0.3,client,setup,register,0.0010253920008835848
200000,16,2048,200,300,0.3,client,setup,register,0.0009346150000055786
200000,16,2048,200,300,0.3,client,setup,register,0.0010650150015862891
200000,16,2048,200,300,0.3,client,setup,register,0.000919444000828662
200000,16,2048,200,300,0.3,client,setup,register,0.0009981680013879668
200000,16,2048,200,300,0.3,client,setup,register,0.0009702770003059413
200000,16,2048,200,300,0.3,client,setup,register,0.0010338230003981153
200000,16,2048,200,300,0.3,client,setup,register,0.0010370380005042534
200000,16,2048,200,300,0.3,client,setup,register,0.0010392300009698374
200000,16,2048,200,300,0.3,client,setup,register,0.0009691269988252316
200000,16,2048,200,300,0.3,client,setup,register,0.0009977179997804342
200000,16,2048,200,300,0.3,client,setup,register,0.0009224339992215391
200000,16,2048,200,300,0.3,client,setup,register,0.001054860000294866
200000,16,2048,200,300,0.3,client,setup,register,0.0010169270008191234
200000,16,2048,200,300,0.3,client,setup,register,0.0010080369993374916
200000,16,2048,200,300,0.3,client,setup,register,0.0009148540011665318
200000,16,2048,200,300,0.3,client,setup,register,0.0009641050000936957
200000,16,2048,200,300,0.3,client,setup,register,0.0009791839984245598
200000,16,2048,200,300,0.3,client,setup,register,0.000914084001124138
200000,16,2048,200,300,0.3,client,setup,register,0.0010096459991473239
200000,16,2048,200,300,0.3,client,setup,register,0.0010178230004385114
200000,16,2048,200,300,0.3,client,setup,register,0.0010471509995113593
200000,16,2048,200,300,0.3,client,setup,register,0.0009825520010053879
200000,16,2048,200,300,0.3,client,setup,register,0.0009773969995876541
200000,16,2048,200,300,0.3,client,setup,register,0.0009336099992651725
200000,16,2048,200,300,0.3,client,setup,register,0.001013854000120773
200000,16,2048,200,300,0.3,client,setup,register,0.0009713720010040561
200000,16,2048,200,300,0.3,client,setup,register,0.001010894000501139
200000,16,2048,200,300,0.3,client,setup,register,0.0009635769984015496
200000,16,2048,200,300,0.3,client,setup,register,0.001044181000906974
200000,16,2048,200,300,0.3,client,setup,register,0.0010478010008228011
200000,16,2048,200,300,0.3,client,setup,register,0.0009227820009982679
200000,16,2048,200,300,0.3,client,setup,register,0.0010997960016538855
200000,16,2048,200,300,0.3,client,setup,register,0.0010206329989159713
200000,16,2048,200,300,0.3,client,setup,register,0.0009437059998163022
200000,16,2048,200,300,0.3,client,setup,register,0.000971149000179139
200000,16,2048,200,300,0.3,client,setup,register,0.0011472469996078871
200000,16,2048,200,300,0.3,client,setup,register,0.0009741120011312887
200000,16,2048,200,300,0.3,client,setup,register,0.0009863929990387987
200000,16,2048,200,300,0.3,client,setup,register,0.0009955789992091013
200000,16,2048,200,300,0.3,client,setup,register,0.0010356920010963222
200000,16,2048,200,300,0.3,client,setup,register,0.0010171039994020248
200000,16,2048,200,300,0.3,client,setup,register,0.000997914999970817
200000,16,2048,200,300,0.3,client,setup,register,0.0010737609991338104
200000,16,2048,200,300,0.3,client,setup,register,0.0009252059990103589
200000,16,2048,200,300,0.3,client,setup,register,0.0009632420005800668
200000,16,2048,200,300,0.3,client,setup,register,0.0009768359996087383
200000,16,2048,200,300,0.3,client,setup,register,0.0010952030006592395
200000,16,2048,200,300,0.3,client,setup,register,0.0009213930006808368
200000,16,2048,200,300,0.3,client,setup,register,0.0009223199995176401
200000,16,2048,200,300,0.3,client,setup,register,0.0009437190001335694
200000,16,2048,200,300,0.3,client,setup,register,0.0010188319993176265
200000,16,2048,200,300,0.3,client,setup,register,0.0009456789994146675
200000,16,2048,200,300,0.3,client,setup,register,0.0010437529999762774
200000,16,2048,200,300,0.3,client,setup,register,0.0009485440004937118
200000,16,2048,200,300,0.3,client,setup,register,0.0010431930004415335
200000,16,2048,200,300,0.3,client,setup,register,0.0009302199996454874
200000,16,2048,200,300,0.3,client,setup,register,0.0010678170001483522
200000,16,2048,200,300,0.3,client,setup,register,0.0009087260004889686
200000,16,2048,200,300,0.3,client,setup,register,0.0010417549983685603
200000,16,2048,200,300,0.3,client,setup,register,0.0009539399998175213
200000,16,2048,200,300,0.3,client,setup,register,0.0010851449987967499
200000,16,2048,200,300,0.3,client,setup,register,0.0010390940005891025
200000,16,2048,200,300,0.3,client,setup,register,0.0009969950006052386
200000,16,2048,200,300,0.3,client,setup,register,0.0010288080011378042
200000,16,2048,200,300,0.3,client,setup,register,0.001102259000617778
200000,16,2048,200,300,0.3,client,setup,register,0.0009630380009184591
200000,16,2048,200,300,0.3,client,setup,register,0.000996544998997706
200000,16,2048,200,300,0.3,client,setup,register,0.0010128720005013747
200000,16,2048,200,300,0.3,client,setup,register,0.0009627300005377037
200000,16,2048,200,300,0.3,client,setup,register,0.0010523069995542755
200000,16,2048,200,300,0.3,client,setup,register,0.001029164999636123
200000,16,2048,200,300,0.3,client,setup,register,0.001035967999996501
200000,16,2048,200,300,0.3,client,setup,register,0.0010913070000242442
200000,16,2048,200,300,0.3,client,setup,register,0.0009934360004990594
200000,16,2048,200,300,0.3,client,setup,register,0.001044819999151514
200000,16,2048,200,300,0.3,client,setup,register,0.0009719309982756386
200000,16,2048,200,300,0.3,client,setup,register,0.0009222089993272675
200000,16,2048,200,300,0.3,client,setup,register,0.0010000620004575467
200000,16,2048,200,300,0.3,client,setup,register,0.0010860040001716698
200000,16,2048,200,300,0.3,client,setup,register,0.0009364100005768705
200000,16,2048,200,300,0.3,client,setup,register,0.00099976300043636
200000,16,2048,200,300,0.3,client,setup,register,0.0010914930007857038
200000,16,2048,200,300,0.3,client,setup,register,0.0009707760000310373
200000,16,2048,200,300,0.3,client,setup,register,0.0009594450002623489
200000,16,2048,200,300,0.3,client,setup,register,0.0009684950000519166
200000,16,2048,200,300,0.3,client,setup,register,0.0009218189989042003
200000,16,2048,200,300,0.3,client,setup,register,0.0010009910001826938
200000,16,2048,200,300,0.3,client,setup,register,0.0010048599997389829
200000,16,2048,200,300,0.3,client,setup,register,0.0009077449994947528
200000,16,2048,200,300,0.3,client,setup,register,0.0009673370004747994
200000,16,2048,200,300,0.3,client,setup,register,0.0009529510007268982
200000,16,2048,200,300,0.3,client,setup,register,0.0009913989997585304
200000,16,2048,200,300,0.3,client,setup,register,0.0010334260005038232
200000,16,2048,200,300,0.3,client,setup,register,0.0010232639997411752
200000,16,2048,200,300,0.3,client,setup,register,0.0010030280009232229
200000,16,2048,200,300,0.3,client,setup,register,0.0010158430013689213
200000,16,2048,200,300,0.3,client,setup,register,0.0010149700010515517
200000,16,2048,200,300,0.3,client,setup,register,0.000981085999228526
200000,16,2048,200,300,0.3,client,setup,register,0.0009971149993361905
200000,16,2048,200,300,0.3,client,setup,register,0.0010507030001463136
200000,16,2048,200,300,0.3,client,setup,register,0.0010140310005226638
200000,16,2048,200,300,0.3,client,setup,register,0.001094920999094029
200000,16,2048,200,300,0.3,client,setup,register,0.0010090610012412071
200000,16,2048,200,300,0.3,client,setup,register,0.0009840610000537708
200000,16,2048,200,300,0.3,client,setup,register,0.0009035339990077773
200000,16,2048,200,300,0.3,client,setup,register,0.0009255019995180191
200000,16,2048,200,300,0.3,client,setup,register,0.0009931309996318305
200000,16,2048,200,300,0.3,client,setup,register,0.0009675479996076319
200000,16,2048,200,300,0.3,client,setup,register,0.0010216430000582477
200000,16,2048,200,300,0.3,client,setup,register,0.000930864000110887
200000,16,2048,200,300,0.3,client,setup,register,0.0009336629991594236
200000,16,2048,200,300,0.3,client,setup,register,0.0010253309992549475
200000,16,2048,200,300,0.3,client,setup,register,0.0010131469989573816
200000,16,2048,200,300,0.3,client,setup,register,0.0009828429992921883
200000,16,2048,200,300,0.3,client,setup,register,0.0009661780004535103
200000,16,2048,200,300,0.3,client,setup,register,0.0010661340002116049
200000,16,2048,200,300,0.3,client,setup,register,0.0012922019996040035
200000,16,2048,200,300,0.3,client,setup,register,0.0010313550010323524
200000,16,2048,200,300,0.3,client,setup,register,0.0009427650002180599
200000,16,2048,200,300,0.3,client,setup,register,0.0019464289998722961
200000,16,2048,200,300,0.3,client,setup,register,0.001001556000119308
200000,16,2048,200,300,0.3,client,setup,register,0.0010523159999138443
200000,16,2048,200,300,0.3,client,setup,register,0.0009826910008996492
200000,16,2048,200,300,0.3,client,setup,register,0.0009442059999855701
200000,16,2048,200,300,0.3,client,setup,register,0.0009932320008374518
200000,16,2048,200,300,0.3,client,setup,register,0.0009535739991406444
200000,16,2048,200,300,0.3,client,setup,register,0.0010366270016675116
200000,16,2048,200,300,0.3,client,setup,register,0.0009450210000068182
200000,16,2048,200,300,0.3,client,setup,register,0.001012420001643477
200000,16,2048,200,300,0.3,client,setup,register,0.0010648370007402264
200000,16,2048,200,300,0.3,client,setup,register,0.000988362000498455
200000,16,2048,200,300,0.3,client,setup,register,0.0010443039991514524
200000,16,2048,200,300,0.3,client,setup,register,0.0010252970005240059
200000,16,2048,200,300,0.3,client,setup,register,0.0009902429992507678
200000,16,2048,200,300,0.3,client,setup,register,0.0009631199991417816
200000,16,2048,200,300,0.3,client,setup,register,0.0010728039997047745
200000,16,2048,200,300,0.3,client,setup,register,0.000987635001365561
200000,16,2048,200,300,0.3,client,setup,register,0.0010131929993804079
200000,16,2048,200,300,0.3,client,setup,register,0.0010316669995518168
200000,16,2048,200,300,0.3,client,setup,register,0.0010476819988980424
200000,16,2048,200,300,0.3,client,setup,register,0.0009459019984205952
200000,16,2048,200,300,0.3,client,setup,register,0.0010575239994068397
200000,16,2048,200,300,0.3,client,setup,register,0.0009379909988638246
200000,16,2048,200,300,0.3,client,setup,register,0.0010230100015178323
200000,16,2048,200,300,0.3,client,setup,register,0.0010194779988523806
200000,16,2048,200,300,0.3,client,setup,register,0.0010165510011574952
200000,16,2048,200,300,0.3,client,setup,register,0.0009106409997912124
200000,16,2048,200,300,0.3,client,setup,register,0.0009786480004549958
200000,16,2048,200,300,0.3,client,setup,register,0.0009897599993564654
200000,16,2048,200,300,0.3,client,setup,register,0.0010483730002306402
200000,16,2048,200,300,0.3,client,setup,register,0.0009542040006635943
200000,16,2048,200,300,0.3,client,setup,register,0.0009259859998564934
200000,16,2048,200,300,0.3,client,setup,register,0.0010077599999931408
200000,16,2048,200,300,0.3,client,setup,register,0.000985213000603835
200000,16,2048,200,300,0.3,client,setup,register,0.0009282680002797861
200000,16,2048,200,300,0.3,client,setup,register,0.0009611129989934852
200000,16,2048,200,300,0.3,client,setup,register,0.000977857000179938
200000,16,2048,200,300,0.3,client,setup,register,0.0009454040009586606
200000,16,2048,200,300,0.3,client,setup,register,0.0009617399991839193
200000,16,2048,200,300,0.3,client,setup,register,0.0009270020000258228
200000,16,2048,200,300,0.3,client,setup,register,0.0009775060007086722
200000,16,2048,200,300,0.3,client,setup,register,0.001097700000173063
200000,16,2048,200,300,0.3,client,setup,register,0.0009941959997377126
200000,16,2048,200,300,0.3,client,setup,register,0.0011060759989049984
200000,16,2048,200,300,0.3,client,setup,register,0.0010234050005237805
200000,16,2048,200,300,0.3,client,setup,register,0.0010292320002918132
200000,16,2048,200,300,0.3,client,setup,register,0.0010491590001038276
200000,16,2048,200,300,0.3,client,setup,register,0.0010419709997222526
200000,16,2048,200,300,0.3,client,setup,register,0.0011167829998157686
200000,16,2048,200,300,0.3,client,setup,register,0.0009577439996064641
200000,16,2048,200,300,0.3,client,setup,register,0.000934732999667176
200000,16,2048,200,300,0.3,client,setup,register,0.0009989580012188526
200000,16,2048,200,300,0.3,client,setup,register,0.0010350669999752427
200000,16,2048,200,300,0.3,client,setup,register,0.0010319530010747258
200000,16,2048,200,300,0.3,client,setup,register,0.0010585260006337194
200000,16,2048,200,300,0.3,client,setup,register,0.0011018090008292347
200000,16,2048,200,300,0.3,client,setup,register,0.0009691409995866707
200000,16,2048,200,300,0.3,client,setup,register,0.0010117960009665694
200000,16,2048,200,300,0.3,client,setup,register,0.0010569490004854742
200000,16,2048,200,300,0.3,client,setup,register,0.001022053000269807
200000,16,2048,200,300,0.3,client,setup,register,0.0010167910004383884
200000,16,2048,200,300,0.3,client,setup,register,0.0009898430016619386
200000,16,2048,200,300,0.3,client,setup,register,0.0009989720001613023
200000,16,2048,200,300,0.3,client,setup,register,0.0010160599995288067
200000,16,2048,200,300,0.3,client,setup,register,0.0010168539993173908
200000,16,2048,200,300,0.3,client,setup,register,0.001013551000141888
200000,16,2048,200,300,0.3,client,setup,register,0.0009126490003836807
200000,16,2048,200,300,0.3,client,setup,register,0.001074060999599169
200000,16,2048,200,300,0.3,client,setup,register,0.0010042720005003503
200000,16,2048,200,300,0.3,client,setup,register,0.001064678001057473
200000,16,2048,200,300,0.3,client,setup,register,0.001056634000633494
200000,16,2048,200,300,0.3,client,setup,register,0.0010189059994445415
200000,16,2048,200,300,0.3,client,setup,register,0.0010856400003831368
200000,16,2048,200,300,0.3,client,setup,register,0.001446148999093566
200000,16,2048,200,300,0.3,client,setup,register,0.001093905000743689
200000,16,2048,200,300,0.3,client,setup,register,0.0009575280000717612
200000,16,2048,200,300,0.3,client,setup,register,0.0009874229999695672
200000,16,2048,200,300,0.3,client,setup,register,0.0010138849993381882
200000,16,2048,200,300,0.3,client,setup,register,0.0010004460000345716
200000,16,2048,200,300,0.3,client,setup,register,0.0009828229995036963
200000,16,2048,200,300,0.3,client,setup,register,0.0010128180001629516
200000,16,2048,200,300,0.3,client,setup,register,0.000991815000816132
200000,16,2048,200,300,0.3,client,setup,register,0.001118847998441197
200000,16,2048,200,300,0.3,client,setup,register,0.0009806939997361042
200000,16,2048,200,300,0.3,client,setup,register,0.0009960410006897291
200000,16,2048,200,300,0.3,client,setup,register,0.0010145989999728044
200000,16,2048,200,300,0.3,client,setup,register,0.0009573490006005159
200000,16,2048,200,300,0.3,client,setup,register,0.0009696270008134888
200000,16,2048,200,300,0.3,client,setup,register,0.0010207280010945396
200000,16,2048,200,300,0.3,client,setup,register,0.001012406000882038
200000,16,2048,200,300,0.3,client,setup,register,0.0009936540009221062
200000,16,2048,200,300,0.3,client,setup,register,0.0010842489991773618
200000,16,2048,200,300,0.3,client,setup,register,0.0009913430003507528
200000,16,2048,200,300,0.3,client,setup,register,0.0009840099992288742
200000,16,2048,200,300,0.3,client,setup,register,0.0010242290009045973
200000,16,2048,200,300,0.3,client,setup,register,0.000995780001176172
200000,16,2048,200,300,0.3,client,setup,register,0.0010330420009267982
200000,16,2048,200,300,0.3,client,setup,register,0.0010081620002893033
200000,16,2048,200,300,0.3,client,setup,register,0.0010465449995535892
200000,16,2048,200,300,0.3,client,setup,register,0.0009702240004116902
200000,16,2048,200,300,0.3,client,setup,register,0.000958258000537171
200000,16,2048,200,300,0.3,client,setup,register,0.0010549349990469636
200000,16,2048,200,300,0.3,client,setup,register,0.000994387999526225
200000,16,2048,200,300,0.3,client,setup,register,0.0010119689995917724
200000,16,2048,200,300,0.3,client,setup,register,0.0009717169996292796
200000,16,2048,200,300,0.3,client,setup,register,0.0009665809993748553
200000,16,2048,200,300,0.3,client,setup,register,0.0009570709989930037
200000,16,2048,200,300,0.3,client,setup,register,0.0009132949999184348
200000,16,2048,200,300,0.3,client,setup,register,0.0010010169989982387
200000,16,2048,200,300,0.3,client,setup,register,0.0009978709986171452
200000,16,2048,200,300,0.3,client,setup,register,0.0010788039999169996
200000,16,2048,200,300,0.3,client,setup,register,0.0009290569996664999
200000,16,2048,200,300,0.3,client,setup,register,0.0009581909998814808
200000,16,2048,200,300,0.3,client,setup,register,0.000892142999873613
200000,16,2048,200,300,0.3,client,setup,register,0.0010240299998258706
200000,16,2048,200,300,0.3,client,setup,register,0.0009293209986935835
200000,16,2048,200,300,0.3,client,setup,register,0.0010070799999084556
200000,16,2048,200,300,0.3,client,setup,register,0.0009432620008738013
200000,16,2048,200,300,0.3,client,setup,register,0.000915233998966869
200000,16,2048,200,300,0.3,client,setup,register,0.001044202001139638
200000,16,2048,200,300,0.3,client,setup,register,0.0009892020007100655
200000,16,2048,200,300,0.3,client,setup,register,0.0009892069992929464
200000,16,2048,200,300,0.3,client,setup,register,0.0010187970001425128
200000,16,2048,200,300,0.3,client,setup,register,0.0009028439999383409
200000,16,2048,200,300,0.3,client,setup,register,0.001074158000847092
200000,16,2048,200,300,0.3,client,setup,register,0.000989068999842857
200000,16,2048,200,300,0.3,client,setup,register,0.0008933320004871348
200000,16,2048,200,300,0.3,client,setup,register,0.0010194660007982748
200000,16,2048,200,300,0.3,client,setup,register,0.0009674939992692089
200000,16,2048,200,300,0.3,client,setup,register,0.0010501809993002098
200000,16,2048,200,300,0.3,client,setup,register,0.0009424309992027702
200000,16,2048,200,300,0.3,client,setup,register,0.0009442190003028372
200000,16,2048,200,300,0.3,client,setup,register,0.0008786970010987716
200000,16,2048,200,300,0.3,client,setup,register,0.000970574999882956
200000,16,2048,200,300,0.3,client,setup,register,0.0008904429996619001
200000,16,2048,200,300,0.3,client,setup,register,0.0009476109989918768
200000,16,2048,200,300,0.3,client,setup,register,0.0009302190010203049
200000,16,2048,200,300,0.3,client,setup,register,0.0009893690003082156
200000,16,2048,200,300,0.3,client,setup,register,0.001035839999531163
200000,16,2048,200,300,0.3,client,setup,register,0.001059288999385899
200000,16,2048,200,300,0.3,client,setup,register,0.0009652720000303816
200000,16,2048,200,300,0.3,client,setup,register,0.0009774050013220403
200000,16,2048,200,300,0.3,client,setup,register,0.0010487799991096836
200000,16,2048,200,300,0.3,client,setup,register,0.0009995700002036756
200000,16,2048,200,300,0.3,client,setup,register,0.0010703650004870724
200000,16,2048,200,300,0.3,client,setup,register,0.0009357420003652805
200000,16,2048,200,300,0.3,client,setup,register,0.000916429000426433
200000,16,2048,200,300,0.3,client,setup,register,0.0010225849982816726
200000,16,2048,200,300,0.3,client,setup,register,0.000979974000074435
200000,16,2048,200,300,0.3,client,setup,register,0.0010783550005726283
200000,16,2048,200,300,0.3,client,setup,register,0.0009859279998636339
200000,16,2048,200,300,0.3,client,setup,register,0.0009767859992280137
200000,16,2048,200,300,0.3,client,setup,register,0.0010676999991119374
200000,16,2048,200,300,0.3,server,setup,register,1.2241000149515457e-05
200000,16,2048,200,300,0.3,server,setup,register,8.610999429947697e-06
200000,16,2048,200,300,0.3,server,setup,register,8.7650005298201e-06
200000,16,2048,200,300,0.3,server,setup,register,7.595001079607755e-06
200000,16,2048,200,300,0.3,server,setup,register,7.3999999585794285e-06
200000,16,2048,200,300,0.3,client,setup,keysetup1,4.868887115999314
200000,16,2048,200,300,0.3,client,setup,keysetup1,4.978166798999155
200000,16,2048,200,300,0.3,client,setup,keysetup1,4.988206657999399
200000,16,2048,200,300,0.3,client,setup,keysetup1,4.919107423000241
200000,16,2048,200,300,0.3,client,setup,keysetup1,4.894922281999243
200000,16,2048,200,300,0.3,client,setup,keysetup1,4.918946927000434
200000,16,2048,200,300,0.3,client,setup,keysetup1,4.913794688000053
200000,16,2048,200,300,0.3,client,setup,keysetup1,5.0711739269991085
200000,16,2048,200,300,0.3,client,setup,keysetup1,4.800424159000613
200000,16,2048,200,300,0.3,client,setup,keysetup1,4.853675103000569
200000,16,2048,200,300,0.3,client,setup,keysetup1,4.867151663000186
200000,16,2048,200,300,0.3,client,setup,keysetup1,4.768534484999691
200000,16,2048,200,300,0.3,client,setup,keysetup1,4.867476076999083
200000,16,2048,200,300,0.3,client,setup,keysetup1,4.888484711000274
200000,16,2048,200,300,0.3,client,setup,keysetup1,4.787546687999566
200000,16,2048,200,300,0.3,client,setup,keysetup1,4.845063639999353
200000,16,2048,200,300,0.3,client,setup,keysetup1,4.710203243999786
200000,16,2048,200,300,0.3,client,setup,keysetup1,4.8443922019996535
200000,16,2048,200,300,0.3,client,setup,keysetup1,4.881315695000012
200000,16,2048,200,300,0.3,client,setup,keysetup1,4.95088217600096
200000,16,2048,200,300,0.3,client,setup,keysetup1,4.814756579999084
200000,16,2048,200,300,0.3,client,setup,keysetup1,4.731597992000388
200000,16,2048,200,300,0.3,client,setup,keysetup1,4.840065242999117
200000,16,2048,200,300,0.3,client,setup,keysetup1,4.962873069000125
200000,16,2048,200,300,0.3,client,setup,keysetup1,4.8990973489999305
200000,16,2048,200,300,0.3,client,setup,keysetup1,4.9456718180008465
200000,16,2048,200,300,0.3,client,setup,keysetup1,4.95458885699918
200000,16,2048,200,300,0.3,client,setup,keysetup1,4.850741102000029
200000,16,2048,200,300,0.3,client,setup,keysetup1,4.833945075000884
200000,16,2048,200,300,0.3,client,setup,keysetup1,4.845374876998903
200000,16,2048,200,300,0.3,client,setup,keysetup1,4.842349927999749
200000,16,2048,200,300,0.3,client,setup,keysetup1,4.923393740000392
200000,16,2048,200,300,0.3,client,setup,keysetup1,4.85971041799894
200000,16,2048,200,300,0.3,client,setup,keysetup1,4.8116098400005285
200000,16,2048,200,300,0.3,client,setup,keysetup1,4.813059528998565
200000,16,2048,200,300,0.3,client,setup,keysetup1,4.752984225000546
200000,16,2048,200,300,0.3,client,setup,keysetup1,4.775557951999872
200000,16,2048,200,300,0.3,client,setup,keysetup1,4.782672471999831
200000,16,2048,200,300,0.3,client,setup,keysetup1,4.95250489099999
200000,16,2048,200,300,0.3,client,setup,keysetup1,4.858023441000114
200000,16,2048,200,300,0.3,client,setup,keysetup1,4.840588676999687
200000,16,2048,200,300,0.3,client,setup,keysetup1,4.99212337499921
200000,16,2048,200,300,0.3,client,setup,keysetup1,4.82496444500066
200000,16,2048,200,300,0.3,client,setup,keysetup1,4.8886782549998316
200000,16,2048,200,300,0.3,client,setup,keysetup1,4.760905953999099
200000,16,2048,200,300,0.3,client,setup,keysetup1,4.906810885000596
200000,16,2048,200,300,0.3,client,setup,keysetup1,4.875731995000024
200000,16,2048,200,300,0.3,client,setup,keysetup1,4.9769840280005155
200000,16,2048,200,300,0.3,client,setup,keysetup1,4.830025881999973
200000,16,2048,200,300,0.3,client,setup,keysetup1,4.8962484120002046
200000,16,2048,200,300,0.3,client,setup,keysetup1,4.748696869999549
200000,16,2048,200,300,0.3,client,setup,keysetup1,4.725391665000643
200000,16,2048,200,300,0.3,client,setup,keysetup1,4.740205355999933
200000,16,2048,200,300,0.3,client,setup,keysetup1,4.943710904999534
200000,16,2048,200,300,0.3,client,setup,keysetup1,4.939355540000179
200000,16,2048,200,300,0.3,client,setup,keysetup1,4.963675066999713
200000,16,2048,200,300,0.3,client,setup,keysetup1,5.1208358200001385
200000,16,2048,200,300,0.3,client,setup,keysetup1,4.868708322999737
200000,16,2048,200,300,0.3,client,setup,keysetup1,5.033215626999663
200000,16,2048,200,300,0.3,client,setup,keysetup1,4.999859927000216
200000,16,2048,200,300,0.3,client,setup,keysetup1,4.878511025000989
200000,16,2048,200,300,0.3,client,setup,keysetup1,4.838950377999936
200000,16,2048,200,300,0.3,client,setup,keysetup1,4.96424499800014
200000,16,2048,200,300,0.3,client,setup,keysetup1,4.79339600899948
200000,16,2048,200,300,0.3,client,setup,keysetup1,4.977168303999861
200000,16,2048,200,300,0.3,client,setup,keysetup1,4.8720735349997994
200000,16,2048,200,300,0.3,client,setup,keysetup1,4.914770917999704
200000,16,2048,200,300,0.3,client,setup,keysetup1,4.829647347998616
200000,16,2048,200,300,0.3,client,setup,keysetup1,4.8114651319992845
200000,16,2048,200,300,0.3,client,setup,keysetup1,5.030435652999586
200000,16,2048,200,300,0.3,client,setup,keysetup1,4.854604891001145
200000,16,2048,200,300,0.3,client,setup,keysetup1,4.9226817680009844
200000,16,2048,200,300,0.3,client,setup,keysetup1,5.001376118998451
200000,16,2048,200,300,0.3,client,setup,keysetup1,4.987752041000931
200000,16,2048,200,300,0.3,client,setup,keysetup1,4.756392806999429
200000,16,2048,200,300,0.3,client,setup,keysetup1,4.763679501998922
200000,16,2048,200,300,0.3,client,setup,keysetup1,4.875425252999776
200000,16,2048,200,300,0.3,client,setup,keysetup1,4.858186871999351
200000,16,2048,200,300,0.3,client,setup,keysetup1,4.837350456000422
200000,16,2048,200,300,0.3,client,setup,keysetup1,4.998673754000265
200000,16,2048,200,300,0.3,client,setup,keysetup1,4.916289323999081
200000,16,2048,200,300,0.3,client,setup,keysetup1,4.8628937490011594
200000,16,2048,200,300,0.3,client,setup,keysetup1,4.889645960000053
200000,16,2048,200,300,0.3,client,setup,keysetup1,4.931610550998812
200000,16,2048,200,300,0.3,client,setup,keysetup1,4.724045568998918
200000,16,2048,200,300,0.3,client,setup,keysetup1,4.847106781999173
200000,16,2048,200,300,0.3,client,setup,keysetup1,4.921821074000036
200000,16,2048,200,300,0.3,client,setup,keysetup1,4.8601915310009645
200000,16,2048,200,300,0.3,client,setup,keysetup1,4.924658175001241
200000,16,2048,200,300,0.3,client,setup,keysetup1,4.946431496000514
200000,16,2048,200,300,0.3,client,setup,keysetup1,4.80754233800144
200000,16,2048,200,300,0.3,client,setup,keysetup1,4.924936622999667
200000,16,2048,200,300,0.3,client,setup,keysetup1,4.783560215000762
200000,16,2048,200,300,0.3,client,setup,keysetup1,4.718566613999428
200000,16,2048,200,300,0.3,client,setup,keysetup1,4.877250248000564
200000,16,2048,200,300,0.3,client,setup,keysetup1,4.691840256000432
200000,16,2048,200,300,0.3,client,setup,keysetup1,4.884558766001646
200000,16,2048,200,300,0.3,client,setup,keysetup1,4.950384382000266
200000,16,2048,200,300,0.3,client,setup,keysetup1,4.9464808350003295
200000,16,2048,200,300,0.3,client,setup,keysetup1,4.887696813999355
200000,16,2048,200,300,0.3,client,setup,keysetup1,4.7493679790004535
200000,16,2048,200,300,0.3,client,setup,keysetup1,4.8394264159996965
200000,16,2048,200,300,0.3,client,setup,keysetup1,4.773802260000593
200000,16,2048,200,300,0.3,client,setup,keysetup1,4.747248032001153
200000,16,2048,200,300,0.3,client,setup,keysetup1,4.691727454001011
200000,16,2048,200,300,0.3,client,setup,keysetup1,4.8862369489997945
200000,16,2048,200,300,0.3,client,setup,keysetup1,4.686927538999953
200000,16,2048,200,300,0.3,client,setup,keysetup1,4.908073231001254
200000,16,2048,200,300,0.3,client,setup,keysetup1,4.970955845001299
200000,16,2048,200,300,0.3,client,setup,keysetup1,4.7959957719995145
200000,16,2048,200,300,0.3,client,setup,keysetup1,4.760918464000497
200000,16,2048,200,300,0.3,client,setup,keysetup1,4.868730279998999
200000,16,2048,200,300,0.3,client,setup,keysetup1,4.743030157998874
200000,16,2048,200,300,0.3,client,setup,keysetup1,4.87557145899882
200000,16,2048,200,300,0.3,client,setup,keysetup1,4.79968480700154
200000,16,2048,200,300,0.3,client,setup,keysetup1,4.710089707999941
200000,16,2048,200,300,0.3,client,setup,keysetup1,4.761745755000447
200000,16,2048,200,300,0.3,client,setup,keysetup1,4.882628020000993
200000,16,2048,200,300,0.3,client,setup,keysetup1,4.968494848000773
200000,16,2048,200,300,0.3,client,setup,keysetup1,4.866607398000269
200000,16,2048,200,300,0.3,client,setup,keysetup1,4.966321659001551
200000,16,2048,200,300,0.3,client,setup,keysetup1,4.933672992001448
200000,16,2048,200,300,0.3,client,setup,keysetup1,4.784164235999924
200000,16,2048,200,300,0.3,client,setup,keysetup1,4.908486854999865
200000,16,2048,200,300,0.3,client,setup,keysetup1,4.811485363999964
200000,16,2048,200,300,0.3,client,setup,keysetup1,4.802179423999405
200000,16,2048,200,300,0.3,client,setup,keysetup1,4.959647554000185
200000,16,2048,200,300,0.3,client,setup,keysetup1,4.996369896000033
200000,16,2048,200,300,0.3,client,setup,keysetup1,4.977929351000057
200000,16,2048,200,300,0.3,client,setup,keysetup1,4.7740413379997335
200000,16,2048,200,300,0.3,client,setup,keysetup1,4.753103246999672
200000,16,2048,200,300,0.3,client,setup,keysetup1,4.815213371999562
200000,16,2048,200,300,0.3,client,setup,keysetup1,4.802183055000569
200000,16,2048,200,300,0.3,client,setup,keysetup1,4.813354021000123
200000,16,2048,200,300,0.3,client,setup,keysetup1,4.844118130000425
200000,16,2048,200,300,0.3,client,setup,keysetup1,4.964895383000112
200000,16,2048,200,300,0.3,client,setup,keysetup1,4.911787629000173
200000,16,2048,200,300,0.3,client,setup,keysetup1,4.788206325001738
200000,16,2048,200,300,0.3,client,setup,keysetup1,4.945199869000135
200000,16,2048,200,300,0.3,client,setup,keysetup1,4.881111906999649
200000,16,2048,200,300,0.3,client,setup,keysetup1,4.800888732999738
200000,16,2048,200,300,0.3,client,setup,keysetup1,4.799244255000303
200000,16,2048,200,300,0.3,client,setup,keysetup1,5.093017065999447
200000,16,2048,200,300,0.3,client,setup,keysetup1,4.786452144000577
200000,16,2048,200,300,0.3,client,setup,keysetup1,4.839184790000218
200000,16,2048,200,300,0.3,client,setup,keysetup1,4.822214787000121
200000,16,2048,200,300,0.3,client,setup,keysetup1,4.784103742000298
200000,16,2048,200,300,0.3,client,setup,keysetup1,4.8278251879983145
200000,16,2048,200,300,0.3,client,setup,keysetup1,4.820927358998233
200000,16,2048,200,300,0.3,client,setup,keysetup1,4.8142936610001925
200000,16,2048,200,300,0.3,client,setup,keysetup1,4.726074509999307
200000,16,2048,200,300,0.3,client,setup,keysetup1,4.748356640999191
200000,16,2048,200,300,0.3,client,setup,keysetup1,4.772739419999198
200000,16,2048,200,300,0.3,client,setup,keysetup1,4.779891923000832
200000,16,2048,200,300,0.3,client,setup,keysetup1,4.6624779170015245
200000,16,2048,200,300,0.3,client,setup,keysetup1,4.757545623000624
200000,16,2048,200,300,0.3,client,setup,keysetup1,4.745635900999332
200000,16,2048,200,300,0.3,client,setup,keysetup1,4.847994888999892
200000,16,2048,200,300,0.3,client,setup,keysetup1,4.9126116819988965
200000,16,2048,200,300,0.3,client,setup,keysetup1,4.968831158999819
200000,16,2048,200,300,0.3,client,setup,keysetup1,4.776815758999874
200000,16,2048,200,300,0.3,client,setup,keysetup1,4.745011369999702
200000,16,2048,200,300,0.3,client,setup,keysetup1,4.820581099000265
200000,16,2048,200,300,0.3,client,setup,keysetup1,4.852507734000028
200000,16,2048,200,300,0.3,client,setup,keysetup1,4.91579264199936
200000,16,2048,200,300,0.3,client,setup,keysetup1,4.833962951999638
200000,16,2048,200,300,0.3,client,setup,keysetup1,4.785270692998893
200000,16,2048,200,300,0.3,client,setup,keysetup1,4.783596954001041
200000,16,2048,200,300,0.3,client,setup,keysetup1,4.873193666999214
200000,16,2048,200,300,0.3,client,setup,keysetup1,4.840500845999486
200000,16,2048,200,300,0.3,client,setup,keysetup1,4.875714538999091
200000,16,2048,200,300,0.3,client,setup,keysetup1,4.87106863200097
200000,16,2048,200,300,0.3,client,setup,keysetup1,4.821945432000575
200000,16,2048,200,300,0.3,client,setup,keysetup1,4.729438661999666
200000,16,2048,200,300,0.3,client,setup,keysetup1,4.763883248000639
200000,16,2048,200,300,0.3,client,setup,keysetup1,4.841776627999934
200000,16,2048,200,300,0.3,client,setup,keysetup1,4.942658895999557
200000,16,2048,200,300,0.3,client,setup,keysetup1,4.806325665000259
200000,16,2048,200,300,0.3,client,setup,keysetup1,4.765736328999992
200000,16,2048,200,300,0.3,client,setup,keysetup1,4.6980837719984265
200000,16,2048,200,300,0.3,client,setup,keysetup1,4.852238102001138
200000,16,2048,200,300,0.3,client,setup,keysetup1,4.697591111998918
200000,16,2048,200,300,0.3,client,setup,keysetup1,4.829889960999935
200000,16,2048,200,300,0.3,client,setup,keysetup1,4.777181858000404
200000,16,2048,200,300,0.3,client,setup,keysetup1,4.718275721999817
200000,16,2048,200,300,0.3,client,setup,keysetup1,4.789838708000389
200000,16,2048,200,300,0.3,client,setup,keysetup1,4.790191070000219
200000,16,2048,200,300,0.3,client,setup,keysetup1,4.786582390999683
200000,16,2048,200,300,0.3,client,setup,keysetup1,4.8402650769985485
200000,16,2048,200,300,0.3,client,setup,keysetup1,4.880735607999668
200000,16,2048,200,300,0.3,client,setup,keysetup1,4.9305302720003965
200000,16,2048,200,300,0.3,client,setup,keysetup1,4.800410354999258
200000,16,2048,200,300,0.3,client,setup,keysetup1,4.889691202999529
200000,16,2048,200,300,0.3,client,setup,keysetup1,4.876875047000794
200000,16,2048,200,300,0.3,client,setup,keysetup1,4.99825164899994
200000,16,2048,200,300,0.3,client,setup,keysetup1,4.8932651200011605
200000,16,2048,200,300,0.3,client,setup,keysetup1,4.86389882200092
200000,16,2048,200,300,0.3,client,setup,keysetup1,4.760537711999859
200000,16,2048,200,300,0.3,client,setup,keysetup1,4.827736565999658
200000,16,2048,200,300,0.3,client,setup,keysetup1,4.896989589999066
200000,16,2048,200,300,0.3,client,setup,keysetup1,4.860979901999599
200000,16,2048,200,300,0.3,client,setup,keysetup1,4.830736984000396
200000,16,2048,200,300,0.3,client,setup,keysetup1,4.98297930499939
200000,16,2048,200,300,0.3,client,setup,keysetup1,4.8469457989995135
200000,16,2048,200,300,0.3,client,setup,keysetup1,4.940052732999902
200000,16,2048,200,300,0.3,client,setup,keysetup1,5.0743070490007085
200000,16,2048,200,300,0.3,client,setup,keysetup1,4.86116349599979
200000,16,2048,200,300,0.3,client,setup,keysetup1,4.926824461001161
200000,16,2048,200,300,0.3,client,setup,keysetup1,4.929032469000958
200000,16,2048,200,300,0.3,client,setup,keysetup1,4.738924076998956
200000,16,2048,200,300,0.3,client,setup,keysetup1,4.990091477000533
200000,16,2048,200,300,0.3,client,setup,keysetup1,4.761804573001427
200000,16,2048,200,300,0.3,client,setup,keysetup1,4.894767368999965
200000,16,2048,200,300,0.3,client,setup,keysetup1,4.691533693001475
200000,16,2048,200,300,0.3,client,setup,keysetup1,5.021396759000709
200000,16,2048,200,300,0.3,client,setup,keysetup1,4.934232930998405
200000,16,2048,200,300,0.3,client,setup,keysetup1,4.947394427999825
200000,16,2048,200,300,0.3,client,setup,keysetup1,4.7690555050012335
200000,16,2048,200,300,0.3,client,setup,keysetup1,4.832712996001646
200000,16,2048,200,300,0.3,client,setup,keysetup1,5.003271343000961
200000,16,2048,200,300,0.3,client,setup,keysetup1,4.96212665100029
200000,16,2048,200,300,0.3,client,setup,keysetup1,4.802304709999589
200000,16,2048,200,300,0.3,client,setup,keysetup1,4.74746621200029
200000,16,2048,200,300,0.3,client,setup,keysetup1,4.9263783500009595
200000,16,2048,200,300,0.3,client,setup,keysetup1,4.917993908000426
200000,16,2048,200,300,0.3,client,setup,keysetup1,4.9140222249989165
200000,16,2048,200,300,0.3,client,setup,keysetup1,4.835772675000044
200000,16,2048,200,300,0.3,client,setup,keysetup1,4.7556542189995525
200000,16,2048,200,300,0.3,client,setup,keysetup1,4.804497543000252
200000,16,2048,200,300,0.3,client,setup,keysetup1,4.697044208000079
200000,16,2048,200,300,0.3,client,setup,keysetup1,4.654186596999352
200000,16,2048,200,300,0.3,client,setup,keysetup1,4.761575726999581
200000,16,2048,200,300,0.3,client,setup,keysetup1,4.886861863000377
200000,16,2048,200,300,0.3,client,setup,keysetup1,4.854849023999122
200000,16,2048,200,300,0.3,client,setup,keysetup1,4.729593516000023
200000,16,2048,200,300,0.3,client,setup,keysetup1,4.803547092998997
200000,16,2048,200,300,0.3,client,setup,keysetup1,4.746542621000117
200000,16,2048,200,300,0.3,client,setup,keysetup1,4.7401046639988635
200000,16,2048,200,300,0.3,client,setup,keysetup1,4.857539583999824
200000,16,2048,200,300,0.3,client,setup,keysetup1,4.796711603999938
200000,16,2048,200,300,0.3,client,setup,keysetup1,4.8297133760006545
200000,16,2048,200,300,0.3,client,setup,keysetup1,4.849079939000148
200000,16,2048,200,300,0.3,client,setup,keysetup1,4.831803248000142
200000,16,2048,200,300,0.3,client,setup,keysetup1,4.884489138999925
200000,16,2048,200,300,0.3,client,setup,keysetup1,4.79196316100024
200000,16,2048,200,300,0.3,client,setup,keysetup1,4.886842031999549
200000,16,2048,200,300,0.3,client,setup,keysetup1,4.734546409001268
200000,16,2048,200,300,0.3,client,setup,keysetup1,4.739145116000145
200000,16,2048,200,300,0.3,client,setup,keysetup1,4.907481166999787
200000,16,2048,200,300,0.3,client,setup,keysetup1,4.869285648001096
200000,16,2048,200,300,0.3,client,setup,keysetup1,4.872265073998278
200000,16,2048,200,300,0.3,client,setup,keysetup1,4.865143502000137
200000,16,2048,200,300,0.3,client,setup,keysetup1,4.819234536000295
200000,16,2048,200,300,0.3,client,setup,keysetup1,4.830363224999019
200000,16,2048,200,300,0.3,client,setup,keysetup1,4.6928692319997936
200000,16,2048,200,300,0.3,client,setup,keysetup1,4.804589119999946
200000,16,2048,200,300,0.3,client,setup,keysetup1,4.760073993000333
200000,16,2048,200,300,0.3,client,setup,keysetup1,4.751145365999037
200000,16,2048,200,300,0.3,client,setup,keysetup1,4.767818379999881
200000,16,2048,200,300,0.3,client,setup,keysetup1,4.748107387998971
200000,16,2048,200,300,0.3,client,setup,keysetup1,4.7616856079985155
200000,16,2048,200,300,0.3,client,setup,keysetup1,4.885010810001404
200000,16,2048,200,300,0.3,client,setup,keysetup1,4.852301319000617
200000,16,2048,200,300,0.3,client,setup,keysetup1,4.947538035999969
200000,16,2048,200,300,0.3,client,setup,keysetup1,4.717475890998685
200000,16,2048,200,300,0.3,client,setup,keysetup1,4.769054116000916
200000,16,2048,200,300,0.3,client,setup,keysetup1,4.914334236000286
200000,16,2048,200,300,0.3,client,setup,keysetup1,4.960426196999833
200000,16,2048,200,300,0.3,client,setup,keysetup1,4.865884844000902
200000,16,2048,200,300,0.3,client,setup,keysetup1,4.83266809899942
200000,16,2048,200,300,0.3,client,setup,keysetup1,4.7974211830005515
200000,16,2048,200,300,0.3,client,setup,keysetup1,4.815725308000765
200000,16,2048,200,300,0.3,client,setup,keysetup1,4.827807421999751
200000,16,2048,200,300,0.3,client,setup,keysetup1,4.741558932999396
200000,16,2048,200,300,0.3,client,setup,keysetup1,4.7298760330013465
200000,16,2048,200,300,0.3,client,setup,keysetup1,4.738637776001269
200000,16,2048,200,300,0.3,client,setup,keysetup1,4.685116384000139
200000,16,2048,200,300,0.3,client,setup,keysetup1,4.744887527998799
200000,16,2048,200,300,0.3,client,setup,keysetup1,4.778454048999265
200000,16,2048,200,300,0.3,client,setup,keysetup1,4.763393523999184
200000,16,2048,200,300,0.3,client,setup,keysetup1,4.818669997999677
200000,16,2048,200,300,0.3,client,setup,keysetup1,4.762292309000259
200000,16,2048,200,300,0.3,client,setup,keysetup1,4.760250751000058
200000,16,2048,200,300,0.3,client,setup,keysetup1,4.757442738999089
200000,16,2048,200,300,0.3,client,setup,keysetup1,4.7493220519991155
200000,16,2048,200,300,0.3,client,setup,keysetup1,4.786563763000231
200000,16,2048,200,300,0.3,client,setup,keysetup1,4.809526590999667
200000,16,2048,200,300,0.3,client,setup,keysetup1,4.692077898000207
200000,16,2048,200,300,0.3,client,setup,keysetup1,4.732627748000596
200000,16,2048,200,300,0.3,client,setup,keysetup1,4.745575207000002
200000,16,2048,200,300,0.3,client,setup,keysetup1,4.7940405209992605
200000,16,2048,200,300,0.3,client,setup,keysetup1,4.906593014999089
200000,16,2048,200,300,0.3,client,setup,keysetup1,4.9995000649996655
200000,16,2048,200,300,0.3,client,setup,keysetup1,4.777220466001381
200000,16,2048,200,300,0.3,client,setup,keysetup1,4.904882890999943
200000,16,2048,200,300,0.3,client,setup,keysetup1,4.874956440999085
200000,16,2048,200,300,0.3,client,setup,keysetup1,4.747541794000426
200000,16,2048,200,300,0.3,client,setup,keysetup1,4.81954785400012
200000,16,2048,200,300,0.3,client,setup,keysetup1,4.917062297001394
200000,16,2048,200,300,0.3,client,setup,keysetup1,4.983307386000888
200000,16,2048,200,300,0.3,server,setup,keysetup,0.024371482999413274
200000,16,2048,200,300,0.3,server,setup,keysetup,0.021853345000636182
200000,16,2048,200,300,0.3,server,setup,keysetup,0.016546926999581046
200000,16,2048,200,300,0.3,server,setup,keysetup,0.014627664999352419
200000,16,2048,200,300,0.3,server,setup,keysetup,0.01468476400077634
200000,16,2048,200,300,0.3,client,setup,keysetup2,0.07180507900011435
200000,16,2048,200,300,0.3,client,setup,keysetup2,0.055997071000092546
200000,16,2048,200,300,0.3,client,setup,keysetup2,0.05757689200072491
200000,16,2048,200,300,0.3,client,setup,keysetup2,0.10040784100056044
200000,16,2048,200,300,0.3,client,setup,keysetup2,0.05466724500001874
200000,16,2048,200,300,0.3,client,setup,keysetup2,0.05876658899978793
200000,16,2048,200,300,0.3,client,setup,keysetup2,0.05782732900115661
200000,16,2048,200,300,0.3,client,setup,keysetup2,0.056181095000283676
200000,16,2048,200,300,0.3,client,setup,keysetup2,0.05642825399991125
200000,16,2048,200,300,0.3,client,setup,keysetup2,0.05695648599976266
200000,16,2048,200,300,0.3,client,setup,keysetup2,0.05698701499932213
200000,16,2048,200,300,0.3,client,setup,keysetup2,0.05499197700009972
200000,16,2048,200,300,0.3,client,setup,keysetup2,0.057439647000137484
200000,16,2048,200,300,0.3,client,setup,keysetup2,0.05762642300032894
200000,16,2048,200,300,0.3,client,setup,keysetup2,0.05693022400009795
200000,16,2048,200,300,0.3,client,setup,keysetup2,0.057967671998994774
200000,16,2048,200,300,0.3,client,setup,keysetup2,0.05727699700037192
200000,16,2048,200,300,0.3,client,setup,keysetup2,0.05786222099959559
200000,16,2048,200,300,0.3,client,setup,keysetup2,0.05436602500049048
200000,16,2048,200,300,0.3,client,setup,keysetup2,0.058434807000594446
200000,16,2048,200,300,0.3,client,setup,keysetup2,0.057167263999872375
200000,16,2048,200,300,0.3,client,setup,keysetup2,0.0576293230005831
200000,16,2048,200,300,0.3,client,setup,keysetup2,0.05756120800106146
200000,16,2048,200,300,0.3,client,setup,keysetup2,0.05853751100039517
200000,16,2048,200,300,0.3,client,setup,keysetup2,0.05716482500065467
200000,16,2048,200,300,0.3,client,setup,keysetup2,0.058395390000441694
200000,16,2048,200,300,0.3,client,setup,keysetup2,0.05935234800017497
200000,16,2048,200,300,0.3,client,setup,keysetup2,0.058385094000186655
200000,16,2048,200,300,0.3,client,setup,keysetup2,0.05786102700039919
200000,16,2048,200,300,0.3,client,setup,keysetup2,0.05645896199894196
200000,16,2048,200,300,0.3,client,setup,keysetup2,0.057312445000206935
200000,16,2048,200,300,0.3,client,setup,keysetup2,0.058585908000168274
200000,16,2048,200,300,0.3,client,setup,keysetup2,0.05881765900085156
200000,16,2048,200,300,0.3,client,setup,keysetup2,0.05843081400053052
200000,16,2048,200,300,0.3,client,setup,keysetup2,0.057923180000216234
200000,16,2048,200,300,0.3,client,setup,keysetup2,0.05767819699940446
200000,16,2048,200,300,0.3,client,setup,keysetup2,0.058635843999581994
200000,16,2048,200,300,0.3,client,setup,keysetup2,0.058050130000992795
200000,16,2048,200,300,0.3,client,setup,keysetup2,0.05747079600041616
200000,16,2048,200,300,0.3,client,setup,keysetup2,0.06073671600097441
200000,16,2048,200,300,0.3,client,setup,keysetup2,0.05777809800019895
200000,16,2048,200,300,0.3,client,setup,keysetup2,0.05826485099896672
200000,16,2048,200,300,0.3,client,setup,keysetup2,0.05796886400094081
200000,16,2048,200,300,0.3,client,setup,keysetup2,0.0578634890007379
200000,16,2048,200,300,0.3,client,setup,keysetup2,0.05821300699972198
200000,16,2048,200,300,0.3,client,setup,keysetup2,0.05535963800139143
200000,16,2048,200,300,0.3,client,setup,keysetup2,0.056736989001365146
200000,16,2048,200,300,0.3,client,setup,keysetup2,0.057247802998972475
200000,16,2048,200,300,0.3,client,setup,keysetup2,0.057647088999146945
200000,16,2048,200,300,0.3,client,setup,keysetup2,0.05735981999896467
200000,16,2048,200,300,0.3,client,setup,keysetup2,0.05806642199968337
200000,16,2048,200,300,0.3,client,setup,keysetup2,0.05752528199991502
200000,16,2048,200,300,0.3,client,setup,keysetup2,0.05732628999976441
200000,16,2048,200,300,0.3,client,setup,keysetup2,0.05796020200068597
200000,16,2048,200,300,0.3,client,setup,keysetup2,0.05793008100044972
200000,16,2048,200,300,0.3,client,setup,keysetup2,0.0569150979990809
200000,16,2048,200,300,0.3,client,setup,keysetup2,0.056846728000891744
200000,16,2048,200,300,0.3,client,setup,keysetup2,0.05695638099859934
200000,16,2048,200,300,0.3,client,setup,keysetup2,0.05810657599977276
200000,16,2048,200,300,0.3,client,setup,keysetup2,0.05812901700119255
200000,16,2048,200,300,0.3,client,setup,keysetup2,0.058751253000082215
200000,16,2048,200,300,0.3,client,setup,keysetup2,0.059221707000688184
200000,16,2048,200,300,0.3,client,setup,keysetup2,0.05870027499986463
200000,16,2048,200,300,0.3,client,setup,keysetup2,0.05946481599858089
200000,16,2048,200,300,0.3,client,setup,keysetup2,0.059149579999939306
200000,16,2048,200,300,0.3,client,setup,keysetup2,0.05868555099914374
200000,16,2048,200,300,0.3,client,setup,keysetup2,0.05671554000036849
200000,16,2048,200,300,0.3,client,setup,keysetup2,0.05789094899955671
200000,16,2048,200,300,0.3,client,setup,keysetup2,0.0588348950004729
200000,16,2048,200,300,0.3,client,setup,keysetup2,0.05838640900037717
200000,16,2048,200,300,0.3,client,setup,keysetup2,0.058246736000000965
200000,16,2048,200,300,0.3,client,setup,keysetup2,0.055924022000908735
200000,16,2048,200,300,0.3,client,setup,keysetup2,0.05632344900004682
200000,16,2048,200,300,0.3,client,setup,keysetup2,0.05962792699938291
200000,16,2048,200,300,0.3,client,setup,keysetup2,0.05796014600127819
200000,16,2048,200,300,0.3,client,setup,keysetup2,0.058735354999953415
200000,16,2048,200,300,0.3,client,setup,keysetup2,0.05866281099952175
200000,16,2048,200,300,0.3,client,setup,keysetup2,0.060507460999360774
200000,16,2048,200,300,0.3,client,setup,keysetup2,0.0595024710000871
200000,16,2048,200,300,0.3,client,setup,keysetup2,0.059183903998928145
200000,16,2048,200,300,0.3,client,setup,keysetup2,0.06113857200034545
200000,16,2048,200,300,0.3,client,setup,keysetup2,0.05860175300040282
200000,16,2048,200,300,0.3,client,setup,keysetup2,0.06121375499969872
200000,16,2048,200,300,0.3,client,setup,keysetup2,0.05928162300006079
200000,16,2048,200,300,0.3,client,setup,keysetup2,0.057881455000824644
200000,16,2048,200,300,0.3,client,setup,keysetup2,0.05820071400012239
200000,16,2048,200,300,0.3,client,setup,keysetup2,0.05729154399887193
200000,16,2048,200,300,0.3,client,setup,keysetup2,0.06027273900144792
200000,16,2048,200,300,0.3,client,setup,keysetup2,0.05757360399911704
200000,16,2048,200,300,0.3,client,setup,keysetup2,0.058604305999324424
200000,16,2048,200,300,0.3,client,setup,keysetup2,0.11819878499954939
200000,16,2048,200,300,0.3,client,setup,keysetup2,0.05789226799970493
200000,16,2048,200,300,0.3,client,setup,keysetup2,0.05735728299987386
200000,16,2048,200,300,0.3,client,setup,keysetup2,0.057874207999702776
200000,16,2048,200,300,0.3,client,setup,keysetup2,0.05791561899968656
200000,16,2048,200,300,0.3,client,setup,keysetup2,0.0574610700004996
200000,16,2048,200,300,0.3,client,setup,keysetup2,0.05754563099981169
200000,16,2048,200,300,0.3,client,setup,keysetup2,0.05722087100002682
200000,16,2048,200,300,0.3,client,setup,keysetup2,0.05621185900054115
200000,16,2048,200,300,0.3,client,setup,keysetup2,0.05934108899964485
200000,16,2048,200,300,0.3,client,setup,keysetup2,0.058869099000730785
200000,16,2048,200,300,0.3,client,setup,keysetup2,0.05707277399960731
200000,16,2048,200,300,0.3,client,setup,keysetup2,0.05937009799890802
200000,16,2048,200,300,0.3,client,setup,keysetup2,0.05960754499938048
200000,16,2048,200,300,0.3,client,setup,keysetup2,0.05854262399952859
200000,16,2048,200,300,0.3,client,setup,keysetup2,0.05764067100062675
200000,16,2048,200,300,0.3,client,setup,keysetup2,0.05676168700119888
200000,16,2048,200,300,0.3,client,setup,keysetup2,0.05839242600086436
200000,16,2048,200,300,0.3,client,setup,keysetup2,0.0571946879990719
200000,16,2048,200,300,0.3,client,setup,keysetup2,0.05752756000038062
200000,16,2048,200,300,0.3,client,setup,keysetup2,0.05853225399914663
200000,16,2048,200,300,0.3,client,setup,keysetup2,0.055235200001334306
200000,16,2048,200,300,0.3,client,setup,keysetup2,0.0551852209991921
200000,16,2048,200,300,0.3,client,setup,keysetup2,0.05605318699963391
200000,16,2048,200,300,0.3,client,setup,keysetup2,0.057437552999545005
200000,16,2048,200,300,0.3,client,setup,keysetup2,0.05772364800031937
200000,16,2048,200,300,0.3,client,setup,keysetup2,0.05713165800079878
200000,16,2048,200,300,0.3,client,setup,keysetup2,0.05730567099999462
200000,16,2048,200,300,0.3,client,setup,keysetup2,0.05812322000019776
200000,16,2048,200,300,0.3,client,setup,keysetup2,0.0569581459985784
200000,16,2048,200,300,0.3,client,setup,keysetup2,0.05757363300108409
200000,16,2048,200,300,0.3,client,setup,keysetup2,0.05853114199999254
200000,16,2048,200,300,0.3,client,setup,keysetup2,0.057284796001113136
200000,16,2048,200,300,0.3,client,setup,keysetup2,0.05682180499934475
200000,16,2048,200,300,0.3,client,setup,keysetup2,0.05776765900009195
200000,16,2048,200,300,0.3,client,setup,keysetup2,0.05850112100051774
200000,16,2048,200,300,0.3,client,setup,keysetup2,0.05640780799876666
200000,16,2048,200,300,0.3,client,setup,keysetup2,0.057550866000383394
200000,16,2048,200,300,0.3,client,setup,keysetup2,0.058768558001247584
200000,16,2048,200,300,0.3,client,setup,keysetup2,0.057488792001095135
200000,16,2048,200,300,0.3,client,setup,keysetup2,0.05822398400050588
200000,16,2048,200,300,0.3,client,setup,keysetup2,0.058232168999893474
200000,16,2048,200,300,0.3,client,setup,keysetup2,0.0578235280008812
200000,16,2048,200,300,0.3,client,setup,keysetup2,0.05717947099947196
200000,16,2048,200,300,0.3,client,setup,keysetup2,0.05979942599878996
200000,16,2048,200,300,0.3,client,setup,keysetup2,0.05764255400026741
200000,16,2048,200,300,0.3,client,setup,keysetup2,0.05830110399983823
200000,16,2048,200,300,0.3,client,setup,keysetup2,0.05783035099921108
200000,16,2048,200,300,0.3,client,setup,keysetup2,0.057155387999955565
200000,16,2048,200,300,0.3,client,setup,keysetup2,0.05822003400135145
200000,16,2048,200,300,0.3,client,setup,keysetup2,0.05921218500043324
200000,16,2048,200,300,0.3,client,setup,keysetup2,0.05734910099999979
200000,16,2048,200,300,0.3,client,setup,keysetup2,0.05848273999981757
200000,16,2048,200,300,0.3,client,setup,keysetup2,0.06029534499975853
200000,16,2048,200,300,0.3,client,setup,keysetup2,0.0584353350004676
200000,16,2048,200,300,0.3,client,setup,keysetup2,0.058307015999162104
200000,16,2048,200,300,0.3,client,setup,keysetup2,0.05899421600042842
200000,16,2048,200,300,0.3,client,setup,keysetup2,0.0619447549997858
200000,16,2048,200,300,0.3,client,setup,keysetup2,0.058308223999119946
200000,16,2048,200,300,0.3,client,setup,keysetup2,0.057773652000832953
200000,16,2048,200,300,0.3,client,setup,keysetup2,0.05779148000146961
200000,16,2048,200,300,0.3,client,setup,keysetup2,0.059652945999914664
200000,16,2048,200,300,0.3,client,setup,keysetup2,0.059028857000157586
200000,16,2048,200,300,0.3,client,setup,keysetup2,0.05880735000027926
200000,16,2048,200,300,0.3,client,setup,keysetup2,0.06007508400034567
200000,16,2048,200,300,0.3,client,setup,keysetup2,0.058122858999922755
200000,16,2048,200,300,0.3,client,setup,keysetup2,0.05917778000002727
200000,16,2048,200,300,0.3,client,setup,keysetup2,0.05757225899833429
200000,16,2048,200,300,0.3,client,setup,keysetup2,0.05886451500009571
200000,16,2048,200,300,0.3,client,setup,keysetup2,0.05752600500090921
200000,16,2048,200,300,0.3,client,setup,keysetup2,0.05762233199857292
200000,16,2048,200,300,0.3,client,setup,keysetup2,0.05983267500050715
200000,16,2048,200,300,0.3,client,setup,keysetup2,0.057868492000125116
200000,16,2048,200,300,0.3,client,setup,keysetup2,0.05897087899938924
200000,16,2048,200,300,0.3,client,setup,keysetup2,0.05864774099973147
200000,16,2048,200,300,0.3,client,setup,keysetup2,0.06054678500004229
200000,16,2048,200,300,0.3,client,setup,keysetup2,0.05671071500000835
200000,16,2048,200,300,0.3,client,setup,keysetup2,0.05757785999958287
200000,16,2048,200,300,0.3,client,setup,keysetup2,0.05722565600080998
200000,16,2048,200,300,0.3,client,setup,keysetup2,0.05734574300004169
200000,16,2048,200,300,0.3,client,setup,keysetup2,0.05663051100054872
200000,16,2048,200,300,0.3,client,setup,keysetup2,0.057099349000054644
200000,16,2048,200,300,0.3,client,setup,keysetup2,0.05651394599954074
200000,16,2048,200,300,0.3,client,setup,keysetup2,0.05601520399977744
200000,16,2048,200,300,0.3,client,setup,keysetup2,0.05682052700103668
200000,16,2048,200,300,0.3,client,setup,keysetup2,0.05559155999981158
200000,16,2048,200,300,0.3,client,setup,keysetup2,0.054896718998861616
200000,16,2048,200,300,0.3,client,setup,keysetup2,0.05439994699918316
200000,16,2048,200,300,0.3,client,setup,keysetup2,0.057300361999296
200000,16,2048,200,300,0.3,client,setup,keysetup2,0.05675388899908285
200000,16,2048,200,300,0.3,client,setup,keysetup2,0.05678644199906557
200000,16,2048,200,300,0.3,client,setup,keysetup2,0.0567369009986578
200000,16,2048,200,300,0.3,client,setup,keysetup2,0.05735204300071928
200000,16,2048,200,300,0.3,client,setup,keysetup2,0.05676670600041689
200000,16,2048,200,300,0.3,client,setup,keysetup2,0.05795913300062239
200000,16,2048,200,300,0.3,client,setup,keysetup2,0.059402414999567554
200000,16,2048,200,300,0.3,client,setup,keysetup2,0.05614918500032218
200000,16,2048,200,300,0.3,client,setup,keysetup2,0.05634052799905476
200000,16,2048,200,300,0.3,client,setup,keysetup2,0.05610622899985174
200000,16,2048,200,300,0.3,client,setup,keysetup2,0.05835788599870284
200000,16,2048,200,300,0.3,client,setup,keysetup2,0.05653782800072804
200000,16,2048,200,300,0.3,client,setup,keysetup2,0.05656566799916618
200000,16,2048,200,300,0.3,client,setup,keysetup2,0.05746543900022516
200000,16,2048,200,300,0.3,client,setup,keysetup2,0.056446373999278876
200000,16,2048,200,300,0.3,client,setup,keysetup2,0.05705186799968942
200000,16,2048,200,300,0.3,client,setup,keysetup2,0.056682260999878054
200000,16,2048,200,300,0.3,client,setup,keysetup2,0.13253933699888876
200000,16,2048,200,300,0.3,client,setup,keysetup2,0.05606708599952981
200000,16,2048,200,300,0.3,client,setup,keysetup2,0.05649697499939066
200000,16,2048,200,300,0.3,client,setup,keysetup2,0.05589560099906521
200000,16,2048,200,300,0.3,client,setup,keysetup2,0.055625476999921375
200000,16,2048,200,300,0.3,client,setup,keysetup2,0.05677473799914878
200000,16,2048,200,300,0.3,client,setup,keysetup2,0.05479291200026637
200000,16,2048,200,300,0.3,client,setup,keysetup2,0.056670644000405446
200000,16,2048,200,300,0.3,client,setup,keysetup2,0.05570457700014231
200000,16,2048,200,300,0.3,client,setup,keysetup2,0.05604508000033093
200000,16,2048,200,300,0.3,client,setup,keysetup2,0.05581388300015533
200000,16,2048,200,300,0.3,client,setup,keysetup2,0.05551515800107154
200000,16,2048,200,300,0.3,client,setup,keysetup2,0.05629845800103794
200000,16,2048,200,300,0.3,client,setup,keysetup2,0.055006835000313004
200000,16,2048,200,300,0.3,client,setup,keysetup2,0.05697017000056803
200000,16,2048,200,300,0.3,client,setup,keysetup2,0.055875660000310745
200000,16,2048,200,300,0.3,client,setup,keysetup2,0.05635394700038887
200000,16,2048,200,300,0.3,client,setup,keysetup2,0.055700906001220574
200000,16,2048,200,300,0.3,client,setup,keysetup2,0.0559382409992395
200000,16,2048,200,300,0.3,client,setup,keysetup2,0.05704474899903289
200000,16,2048,200,300,0.3,client,setup,keysetup2,0.05593815200154495
200000,16,2048,200,300,0.3,client,setup,keysetup2,0.05761026300024241
200000,16,2048,200,300,0.3,client,setup,keysetup2,0.056165382000472164
200000,16,2048,200,300,0.3,client,setup,keysetup2,0.05622521300028893
200000,16,2048,200,300,0.3,client,setup,keysetup2,0.05604781500005629
200000,16,2048,200,300,0.3,client,setup,keysetup2,0.05571327999859932
200000,16,2048,200,300,0.3,client,setup,keysetup2,0.056200608998551616
200000,16,2048,200,300,0.3,client,setup,keysetup2,0.05642185499891639
200000,16,2048,200,300,0.3,client,setup,keysetup2,0.05708621300072991
200000,16,2048,200,300,0.3,client,setup,keysetup2,0.05648888500036264
200000,16,2048,200,300,0.3,client,setup,keysetup2,0.05740136100030213
200000,16,2048,200,300,0.3,client,setup,keysetup2,0.05716049100010423
200000,16,2048,200,300,0.3,client,setup,keysetup2,0.055665001998931984
200000,16,2048,200,300,0.3,client,setup,keysetup2,0.05912629200065567
200000,16,2048,200,300,0.3,client,setup,keysetup2,0.05703129399989848
200000,16,2048,200,300,0.3,client,setup,keysetup2,0.056406862000585534
200000,16,2048,200,300,0.3,client,setup,keysetup2,0.056441830998664955
200000,16,2048,200,300,0.3,client,setup,keysetup2,0.05641204799940169
200000,16,2048,200,300,0.3,client,setup,keysetup2,0.05757457300023816
200000,16,2048,200,300,0.3,client,setup,keysetup2,0.05577843299943197
200000,16,2048,200,300,0.3,client,setup,keysetup2,0.05913282899928163
200000,16,2048,200,300,0.3,client,setup,keysetup2,0.057498840000334894
200000,16,2048,200,300,0.3,client,setup,keysetup2,0.05739568399985728
200000,16,2048,200,300,0.3,client,setup,keysetup2,0.05706506999922567
200000,16,2048,200,300,0.3,client,setup,keysetup2,0.05646737100141763
200000,16,2048,200,300,0.3,client,setup,keysetup2,0.05641257299976132
200000,16,2048,200,300,0.3,client,setup,keysetup2,0.05620583199925022
200000,16,2048,200,300,0.3,client,setup,keysetup2,0.057468447001156164
200000,16,2048,200,300,0.3,client,setup,keysetup2,0.05708159800087742
200000,16,2048,200,300,0.3,client,setup,keysetup2,0.05595351100055268
200000,16,2048,200,300,0.3,client,setup,keysetup2,0.05726699600018037
200000,16,2048,200,300,0.3,client,setup,keysetup2,0.05530962299962994
200000,16,2048,200,300,0.3,client,setup,keysetup2,0.057248327999332105
200000,16,2048,200,300,0.3,client,setup,keysetup2,0.0564845429998968
200000,16,2048,200,300,0.3,client,setup,keysetup2,0.0585752480001247
200000,16,2048,200,300,0.3,client,setup,keysetup2,0.05723093300002802
200000,16,2048,200,300,0.3,client,setup,keysetup2,0.05557800099995802
200000,16,2048,200,300,0.3,client,setup,keysetup2,0.05790674499985471
200000,16,2048,200,300,0.3,client,setup,keysetup2,0.055774197999198805
200000,16,2048,200,300,0.3,client,setup,keysetup2,0.05588056200031133
200000,16,2048,200,300,0.3,client,setup,keysetup2,0.056500237000363995
200000,16,2048,200,300,0.3,client,setup,keysetup2,0.056884831999923335
200000,16,2048,200,300,0.3,client,setup,keysetup2,0.058369344000311685
200000,16,2048,200,300,0.3,client,setup,keysetup2,0.05594539599951531
200000,16,2048,200,300,0.3,client,setup,keysetup2,0.05730101900007867
200000,16,2048,200,300,0.3,client,setup,keysetup2,0.05631887199888297
200000,16,2048,200,300,0.3,client,setup,keysetup2,0.0565081070017186
200000,16,2048,200,300,0.3,client,setup,keysetup2,0.05793069799983641
200000,16,2048,200,300,0.3,client,setup,keysetup2,0.0570851849988685
200000,16,2048,200,300,0.3,client,setup,keysetup2,0.05820856200080016
200000,16,2048,200,300,0.3,client,setup,keysetup2,0.056469346998710535
200000,16,2048,200,300,0.3,client,setup,keysetup2,0.05657401199823653
200000,16,2048,200,300,0.3,client,setup,keysetup2,0.05650848900040728
200000,16,2048,200,300,0.3,client,setup,keysetup2,0.05530579399965063
200000,16,2048,200,300,0.3,client,setup,keysetup2,0.05747969900039607
200000,16,2048,200,300,0.3,client,setup,keysetup2,0.05626676100109762
200000,16,2048,200,300,0.3,client,setup,keysetup2,0.055331198000203585
200000,16,2048,200,300,0.3,client,setup,keysetup2,0.05461029099933512
200000,16,2048,200,300,0.3,client,setup,keysetup2,0.054866125999978976
200000,16,2048,200,300,0.3,client,setup,keysetup2,0.05560985800002527
200000,16,2048,200,300,0.3,client,setup,keysetup2,0.054288326000460074
200000,16,2048,200,300,0.3,client,setup,keysetup2,0.05549350900037098
200000,16,2048,200,300,0.3,client,setup,keysetup2,0.056007704999501584
200000,16,2048,200,300,0.3,client,setup,keysetup2,0.05666471600125078
200000,16,2048,200,300,0.3,client,setup,keysetup2,0.05670963800002937
200000,16,2048,200,300,0.3,client,setup,keysetup2,0.05714997399991262
200000,16,2048,200,300,0.3,client,setup,keysetup2,0.05634575099975336
200000,16,2048,200,300,0.3,client,setup,keysetup2,0.05721204099972965
200000,16,2048,200,300,0.3,client,setup,keysetup2,0.057573224999941885
200000,16,2048,200,300,0.3,client,setup,keysetup2,0.056730833999608876
200000,16,2048,200,300,0.3,client,setup,keysetup2,0.06001797300086764
200000,16,2048,200,300,0.3,client,setup,keysetup2,0.05852521999986493
200000,16,2048,200,300,0.3,client,setup,keysetup2,0.06015888299953076
200000,16,2048,200,300,0.3,client,setup,keysetup2,0.06020732599972689
200000,16,2048,200,300,0.3,client,setup,keysetup2,0.058190329998978996
200000,16,2048,200,300,0.3,client,setup,keysetup2,0.058209824999721604
200000,16,2048,200,300,0.3,client,setup,keysetup2,0.05741856999884476
200000,16,2048,200,300,0.3,client,setup,keysetup2,0.05723496600148792
200000,16,2048,200,300,0.3,client,setup,keysetup2,0.057520529999237624
200000,16,2048,200,300,0.3,client,setup,keysetup2,0.057977301001301385
200000,16,2048,200,300,0.3,client,setup,keysetup2,0.058635438999772305
200000,16,2048,200,300,0.3,client,setup,keysetup2,0.0594536379994679
200000,16,2048,200,300,0.3,client,setup,keysetup2,0.05970194400106266
200000,16,2048,200,300,0.3,client,setup,keysetup2,0.05845540299924323
200000,16,2048,200,300,0.3,client,online,encrypt,21.594813530000465
200000,16,2048,200,300,0.3,client,online,encrypt,21.41137049200006
200000,16,2048,200,300,0.3,client,online,encrypt,21.30843412899958
200000,16,2048,200,300,0.3,client,online,encrypt,21.370882073000757
200000,16,2048,200,300,0.3,client,online,encrypt,21.392483662000814
200000,16,2048,200,300,0.3,client,online,encrypt,21.301356186000703
200000,16,2048,200,300,0.3,client,online,encrypt,21.456896903000597
200000,16,2048,200,300,0.3,client,online,encrypt,21.408025407999958
200000,16,2048,200,300,0.3,client,online,encrypt,21.32846158599932
200000,16,2048,200,300,0.3,client,online,encrypt,21.42380674299966
200000,16,2048,200,300,0.3,client,online,encrypt,21.433229153000866
200000,16,2048,200,300,0.3,client,online,encrypt,21.557687212998644
200000,16,2048,200,300,0.3,client,online,encrypt,21.515216989999317
200000,16,2048,200,300,0.3,client,online,encrypt,21.331409816000814
200000,16,2048,200,300,0.3,client,online,encrypt,21.398159915999713
200000,16,2048,200,300,0.3,client,online,encrypt,21.51170639099837
200000,16,2048,200,300,0.3,client,online,encrypt,21.512085344000297
200000,16,2048,200,300,0.3,client,online,encrypt,21.450057895999635
200000,16,2048,200,300,0.3,client,online,encrypt,21.514889482999934
200000,16,2048,200,300,0.3,client,online,encrypt,21.73382778300038
200000,16,2048,200,300,0.3,client,online,encrypt,21.464113261999955
200000,16,2048,200,300,0.3,client,online,encrypt,21.522131873000035
200000,16,2048,200,300,0.3,client,online,encrypt,21.527943671000685
200000,16,2048,200,300,0.3,client,online,encrypt,21.37081087000115
200000,16,2048,200,300,0.3,client,online,encrypt,21.427992689999883
200000,16,2048,200,300,0.3,client,online,encrypt,21.29592214100012
200000,16,2048,200,300,0.3,client,online,encrypt,21.361743868999838
200000,16,2048,200,300,0.3,client,online,encrypt,21.55384773500009
200000,16,2048,200,300,0.3,client,online,encrypt,21.527072892000433
200000,16,2048,200,300,0.3,client,online,encrypt,21.676589231001344
200000,16,2048,200,300,0.3,client,online,encrypt,21.456990818000122
200000,16,2048,200,300,0.3,client,online,encrypt,21.462280370998997
200000,16,2048,200,300,0.3,client,online,encrypt,21.557847226000376
200000,16,2048,200,300,0.3,client,online,encrypt,21.497997907001263
200000,16,2048,200,300,0.3,client,online,encrypt,21.518617887999426
200000,16,2048,200,300,0.3,client,online,encrypt,21.438933497998732
200000,16,2048,200,300,0.3,client,online,encrypt,21.30646561100002
200000,16,2048,200,300,0.3,client,online,encrypt,21.470152676998623
200000,16,2048,200,300,0.3,client,online,encrypt,21.420617136000146
200000,16,2048,200,300,0.3,client,online,encrypt,21.42212625999855
200000,16,2048,200,300,0.3,client,online,encrypt,21.7899189689997
200000,16,2048,200,300,0.3,client,online,encrypt,21.598724159000994
200000,16,2048,200,300,0.3,client,online,encrypt,21.469436823999786
200000,16,2048,200,300,0.3,client,online,encrypt,21.536108831000092
200000,16,2048,200,300,0.3,client,online,encrypt,21.70282453999971
200000,16,2048,200,300,0.3,client,online,encrypt,21.57536828299999
200000,16,2048,200,300,0.3,client,online,encrypt,21.48703157899945
200000,16,2048,200,300,0.3,client,online,encrypt,21.59024552200026
200000,16,2048,200,300,0.3,client,online,encrypt,21.422952297998563
200000,16,2048,200,300,0.3,client,online,encrypt,21.572347740000623
200000,16,2048,200,300,0.3,client,online,encrypt,21.563474786998995
200000,16,2048,200,300,0.3,client,online,encrypt,21.611201190999054
200000,16,2048,200,300,0.3,client,online,encrypt,21.494321361999027
200000,16,2048,200,300,0.3,client,online,encrypt,21.448036521000176
200000,16,2048,200,300,0.3,client,online,encrypt,21.706988947000355
200000,16,2048,200,300,0.3,client,online,encrypt,21.498793221000597
200000,16,2048,200,300,0.3,client,online,encrypt,21.490853742998297
200000,16,2048,200,300,0.3,client,online,encrypt,21.407845149999048
200000,16,2048,200,300,0.3,client,online,encrypt,21.361736298000324
200000,16,2048,200,300,0.3,client,online,encrypt,21.466911487999823
200000,16,2048,200,300,0.3,client,online,encrypt,21.5124176850004
200000,16,2048,200,300,0.3,client,online,encrypt,21.506289942000876
200000,16,2048,200,300,0.3,client,online,encrypt,21.51036252999984
200000,16,2048,200,300,0.3,client,online,encrypt,21.38675362399954
200000,16,2048,200,300,0.3,client,online,encrypt,21.33485477999966
200000,16,2048,200,300,0.3,client,online,encrypt,21.449411322999367
200000,16,2048,200,300,0.3,client,online,encrypt,21.545848627998566
200000,16,2048,200,300,0.3,client,online,encrypt,21.417473382000026
200000,16,2048,200,300,0.3,client,online,encrypt,21.361937683001088
200000,16,2048,200,300,0.3,client,online,encrypt,21.318343459999596
200000,16,2048,200,300,0.3,client,online,encrypt,21.265281250000044
200000,16,2048,200,300,0.3,client,online,encrypt,21.349019418001262
200000,16,2048,200,300,0.3,client,online,encrypt,21.803534767999736
200000,16,2048,200,300,0.3,client,online,encrypt,21.483458220000102
200000,16,2048,200,300,0.3,client,online,encrypt,21.373026736999236
200000,16,2048,200,300,0.3,client,online,encrypt,21.177673068999866
200000,16,2048,200,300,0.3,client,online,encrypt,21.555973411001105
200000,16,2048,200,300,0.3,client,online,encrypt,20.780327231001138
200000,16,2048,200,300,0.3,client,online,encrypt,21.261576154000068
200000,16,2048,200,300,0.3,client,online,encrypt,21.42904505399929
200000,16,2048,200,300,0.3,client,online,encrypt,21.412751604999357
200000,16,2048,200,300,0.3,client,online,encrypt,21.410338539000804
200000,16,2048,200,300,0.3,client,online,encrypt,21.54330254100023
200000,16,2048,200,300,0.3,client,online,encrypt,21.379391596999994
200000,16,2048,200,300,0.3,client,online,encrypt,21.226497410001684
200000,16,2048,200,300,0.3,client,online,encrypt,21.350368596999033
200000,16,2048,200,300,0.3,client,online,encrypt,21.414295261000007
200000,16,2048,200,300,0.3,client,online,encrypt,21.37065106999944
200000,16,2048,200,300,0.3,client,online,encrypt,21.392535957998916
200000,16,2048,200,300,0.3,client,online,encrypt,21.327661970999543
200000,16,2048,200,300,0.3,client,online,encrypt,21.44249504399886
200000,16,2048,200,300,0.3,client,online,encrypt,21.428377944001113
200000,16,2048,200,300,0.3,client,online,encrypt,21.532593788000668
200000,16,2048,200,300,0.3,client,online,encrypt,22.06724887600103
200000,16,2048,200,300,0.3,client,online,encrypt,21.44863000499936
200000,16,2048,200,300,0.3,client,online,encrypt,21.34010171400041
200000,16,2048,200,300,0.3,client,online,encrypt,21.474516600001152
200000,16,2048,200,300,0.3,client,online,encrypt,21.360978941000212
200000,16,2048,200,300,0.3,client,online,encrypt,21.256737282001268
200000,16,2048,200,300,0.3,client,online,encrypt,21.36840738399951
200000,16,2048,200,300,0.3,client,online,encrypt,21.588957947999006
200000,16,2048,200,300,0.3,client,online,encrypt,21.589396220999333
200000,16,2048,200,300,0.3,client,online,encrypt,21.30788537099943
200000,16,2048,200,300,0.3,client,online,encrypt,21.473797129998275
200000,16,2048,200,300,0.3,client,online,encrypt,21.611356587000046
200000,16,2048,200,300,0.3,client,online,encrypt,21.482817796000745
200000,16,2048,200,300,0.3,client,online,encrypt,21.50485936000041
200000,16,2048,200,300,0.3,client,online,encrypt,21.640983625000445
200000,16,2048,200,300,0.3,client,online,encrypt,21.51655040100013
200000,16,2048,200,300,0.3,client,online,encrypt,21.585274884999308
200000,16,2048,200,300,0.3,client,online,encrypt,21.65194918599991
200000,16,2048,200,300,0.3,client,online,encrypt,21.5315478370012
200000,16,2048,200,300,0.3,client,online,encrypt,21.449345777000417
200000,16,2048,200,300,0.3,client,online,encrypt,21.379496361001657
200000,16,2048,200,300,0.3,client,online,encrypt,21.373245146000045
200000,16,2048,200,300,0.3,client,online,encrypt,21.327993114000492
200000,16,2048,200,300,0.3,client,online,encrypt,21.245180896999955
200000,16,2048,200,300,0.3,client,online,encrypt,21.230940568999358
200000,16,2048,200,300,0.3,client,online,encrypt,21.498752977999175
200000,16,2048,200,300,0.3,client,online,encrypt,21.40059814899905
200000,16,2048,200,300,0.3,client,online,encrypt,21.936058197999955
200000,16,2048,200,300,0.3,client,online,encrypt,21.373195500000293
200000,16,2048,200,300,0.3,client,online,encrypt,21.38884096899892
200000,16,2048,200,300,0.3,client,online,encrypt,21.458492064000893
200000,16,2048,200,300,0.3,client,online,encrypt,21.40794540799834
200000,16,2048,200,300,0.3,client,online,encrypt,21.480268822000653
200000,16,2048,200,300,0.3,client,online,encrypt,21.399442091998935
200000,16,2048,200,300,0.3,client,online,encrypt,21.400929985000403
200000,16,2048,200,300,0.3,client,online,encrypt,21.365612634999707
200000,16,2048,200,300,0.3,client,online,encrypt,21.516848203002155
200000,16,2048,200,300,0.3,client,online,encrypt,21.35741729500296
200000,16,2048,200,300,0.3,client,online,encrypt,21.36897703000068
200000,16,2048,200,300,0.3,client,online,encrypt,21.52697083699968
200000,16,2048,200,300,0.3,client,online,encrypt,21.50792245000048
200000,16,2048,200,300,0.3,client,online,encrypt,21.441825273002905
200000,16,2048,200,300,0.3,client,online,encrypt,21.675464976000512
200000,16,2048,200,300,0.3,client,online,encrypt,22.090437568000198
200000,16,2048,200,300,0.3,client,online,encrypt,21.55537705200186
200000,16,2048,200,300,0.3,client,online,encrypt,21.587018941998394
200000,16,2048,200,300,0.3,client,online,encrypt,21.44006684100168
200000,16,2048,200,300,0.3,client,online,encrypt,21.45310468200114
200000,16,2048,200,300,0.3,client,online,encrypt,21.544775418002246
200000,16,2048,200,300,0.3,client,online,encrypt,21.322235165000166
200000,16,2048,200,300,0.3,client,online,encrypt,21.472303870999895
200000,16,2048,200,300,0.3,client,online,encrypt,21.366231501000584
200000,16,2048,200,300,0.3,client,online,encrypt,21.558009630000015
200000,16,2048,200,300,0.3,client,online,encrypt,21.350380112002313
200000,16,2048,200,300,0.3,client,online,encrypt,21.310608613999648
200000,16,2048,200,300,0.3,client,online,encrypt,21.217734847999964
200000,16,2048,200,300,0.3,client,online,encrypt,21.33840942000097
200000,16,2048,200,300,0.3,client,online,encrypt,21.362355363999086
200000,16,2048,200,300,0.3,client,online,encrypt,21.39297710000028
200000,16,2048,200,300,0.3,client,online,encrypt,21.563476371000434
200000,16,2048,200,300,0.3,client,online,encrypt,21.468563526999787
200000,16,2048,200,300,0.3,client,online,encrypt,21.156838708000578
200000,16,2048,200,300,0.3,client,online,encrypt,21.726420152001083
200000,16,2048,200,300,0.3,client,online,encrypt,21.40204934400026
200000,16,2048,200,300,0.3,client,online,encrypt,21.442247044000396
200000,16,2048,200,300,0.3,client,online,encrypt,21.355957749998197
200000,16,2048,200,300,0.3,client,online,encrypt,21.337206932999834
200000,16,2048,200,300,0.3,client,online,encrypt,21.42220399099824
200000,16,2048,200,300,0.3,client,online,encrypt,21.372452429000987
200000,16,2048,200,300,0.3,client,online,encrypt,21.400532135001413
200000,16,2048,200,300,0.3,client,online,encrypt,21.409583732998726
200000,16,2048,200,300,0.3,client,online,encrypt,21.530049637000047
200000,16,2048,200,300,0.3,client,online,encrypt,21.421701044000656
200000,16,2048,200,300,0.3,client,online,encrypt,21.622415918001934
200000,16,2048,200,300,0.3,client,online,encrypt,21.6357206520006
200000,16,2048,200,300,0.3,client,online,encrypt,21.41579294099938
200000,16,2048,200,300,0.3,client,online,encrypt,21.567378569998255
200000,16,2048,200,300,0.3,client,online,encrypt,21.471090077000554
200000,16,2048,200,300,0.3,client,online,encrypt,21.703063578999718
200000,16,2048,200,300,0.3,client,online,encrypt,21.507920740998088
200000,16,2048,200,300,0.3,client,online,encrypt,21.384369359999255
200000,16,2048,200,300,0.3,client,online,encrypt,21.2829234469973
200000,16,2048,200,300,0.3,client,online,encrypt,21.400181241999235
200000,16,2048,200,300,0.3,client,online,encrypt,21.391160336999747
200000,16,2048,200,300,0.3,client,online,encrypt,21.17722446300104
200000,16,2048,200,300,0.3,client,online,encrypt,21.093213410000317
200000,16,2048,200,300,0.3,client,online,encrypt,21.367166678999638
200000,16,2048,200,300,0.3,client,online,encrypt,21.445590698996966
200000,16,2048,200,300,0.3,client,online,encrypt,21.452171566001198
200000,16,2048,200,300,0.3,client,online,encrypt,21.267888866997964
200000,16,2048,200,300,0.3,client,online,encrypt,21.35022103299707
200000,16,2048,200,300,0.3,client,online,encrypt,21.337119772000733
200000,16,2048,200,300,0.3,client,online,encrypt,21.150029812000867
200000,16,2048,200,300,0.3,client,online,encrypt,21.109620350001933
200000,16,2048,200,300,0.3,client,online,encrypt,21.435266657998
200000,16,2048,200,300,0.3,client,online,encrypt,21.42839892900156
200000,16,2048,200,300,0.3,client,online,encrypt,21.335109780000494
200000,16,2048,200,300,0.3,client,online,encrypt,21.276809415998287
200000,16,2048,200,300,0.3,client,online,encrypt,21.434718327000155
200000,16,2048,200,300,0.3,client,online,encrypt,21.333254205997946
200000,16,2048,200,300,0.3,client,online,encrypt,21.381862203998026
200000,16,2048,200,300,0.3,client,online,encrypt,21.407724022003094
200000,16,2048,200,300,0.3,client,online,encrypt,21.404533676999563
200000,16,2048,200,300,0.3,client,online,encrypt,21.424508191001223
200000,16,2048,200,300,0.3,client,online,encrypt,21.506569093999133
200000,16,2048,200,300,0.3,client,online,encrypt,21.35058587199819
200000,16,2048,200,300,0.3,client,online,encrypt,22.02764791899972
200000,16,2048,200,300,0.3,client,online,encrypt,21.467115649000334
200000,16,2048,200,300,0.3,client,online,encrypt,21.49538674699943
200000,16,2048,200,300,0.3,client,online,encrypt,21.532166938002774
200000,16,2048,200,300,0.3,client,online,encrypt,21.42971561900049
200000,16,2048,200,300,0.3,client,online,encrypt,21.36928786900171
200000,16,2048,200,300,0.3,client,online,encrypt,21.349524755001767
200000,16,2048,200,300,0.3,client,online,encrypt,21.43094493299941
200000,16,2048,200,300,0.3,client,online,encrypt,21.326854597999045
200000,16,2048,200,300,0.3,client,online,encrypt,21.270877130998997
200000,16,2048,200,300,0.3,client,online,encrypt,21.220195767000405
200000,16,2048,200,300,0.3,client,online,encrypt,21.377927744000772
200000,16,2048,200,300,0.3,client,online,encrypt,21.182545494000806
200000,16,2048,200,300,0.3,client,online,encrypt,21.26715893599976
200000,16,2048,200,300,0.3,client,online,encrypt,21.20520289599881
200000,16,2048,200,300,0.3,client,online,encrypt,21.429129445998115
200000,16,2048,200,300,0.3,client,online,encrypt,21.39657933700073
200000,16,2048,200,300,0.3,client,online,encrypt,21.35680694900293
200000,16,2048,200,300,0.3,client,online,encrypt,21.37714061800216
200000,16,2048,200,300,0.3,client,online,encrypt,21.362986119998823
200000,16,2048,200,300,0.3,client,online,encrypt,21.455615322000085
200000,16,2048,200,300,0.3,client,online,encrypt,21.397669174999464
200000,16,2048,200,300,0.3,client,online,encrypt,21.50425514000017
200000,16,2048,200,300,0.3,client,online,encrypt,21.473907432999113
200000,16,2048,200,300,0.3,client,online,encrypt,21.070221400001174
200000,16,2048,200,300,0.3,client,online,encrypt,21.153765603001375
200000,16,2048,200,300,0.3,client,online,encrypt,21.174762245002057
200000,16,2048,200,300,0.3,client,online,encrypt,21.21861266200358
200000,16,2048,200,300,0.3,client,online,encrypt,21.264868317997752
200000,16,2048,200,300,0.3,client,online,encrypt,21.215505342999677
200000,16,2048,200,300,0.3,client,online,encrypt,21.141180018999876
200000,16,2048,200,300,0.3,client,online,encrypt,21.192811336000887
200000,16,2048,200,300,0.3,client,online,encrypt,20.887612077000085
200000,16,2048,200,300,0.3,client,online,encrypt,20.844753659999697
200000,16,2048,200,300,0.3,client,online,encrypt,21.13605746599933
200000,16,2048,200,300,0.3,client,online,encrypt,21.26629376100027
200000,16,2048,200,300,0.3,client,online,encrypt,21.329351926000527
200000,16,2048,200,300,0.3,client,online,encrypt,21.24244966400147
200000,16,2048,200,300,0.3,client,online,encrypt,21.25286703399979
200000,16,2048,200,300,0.3,client,online,encrypt,21.20982706599898
200000,16,2048,200,300,0.3,client,online,encrypt,21.25576072900003
200000,16,2048,200,300,0.3,client,online,encrypt,21.329101859999355
200000,16,2048,200,300,0.3,client,online,encrypt,21.49893760100167
200000,16,2048,200,300,0.3,client,online,encrypt,21.271292297999025
200000,16,2048,200,300,0.3,client,online,encrypt,21.37282994599809
200000,16,2048,200,300,0.3,client,online,encrypt,21.288028776998544
200000,16,2048,200,300,0.3,client,online,encrypt,21.405390064999665
200000,16,2048,200,300,0.3,client,online,encrypt,21.423013308001828
200000,16,2048,200,300,0.3,client,online,encrypt,21.52830387100039
200000,16,2048,200,300,0.3,client,online,encrypt,21.555526086998725
200000,16,2048,200,300,0.3,client,online,encrypt,21.519088983000984
200000,16,2048,200,300,0.3,client,online,encrypt,21.324059850001504
200000,16,2048,200,300,0.3,client,online,encrypt,21.469086739001796
200000,16,2048,200,300,0.3,client,online,encrypt,21.490541262002807
200000,16,2048,200,300,0.3,client,online,encrypt,22.310375368997484
200000,16,2048,200,300,0.3,client,online,encrypt,21.3950764800029
200000,16,2048,200,300,0.3,client,online,encrypt,21.560054096000385
200000,16,2048,200,300,0.3,client,online,encrypt,21.43118770900037
200000,16,2048,200,300,0.3,client,online,encrypt,21.301192627001
200000,16,2048,200,300,0.3,client,online,encrypt,21.37510601499889
200000,16,2048,200,300,0.3,client,online,encrypt,21.416853116999846
200000,16,2048,200,300,0.3,client,online,encrypt,21.493706241999462
200000,16,2048,200,300,0.3,client,online,encrypt,21.537021569998615
200000,16,2048,200,300,0.3,client,online,encrypt,21.497757616001763
200000,16,2048,200,300,0.3,client,online,encrypt,21.257738798998616
200000,16,2048,200,300,0.3,client,online,encrypt,21.24833359400145
200000,16,2048,200,300,0.3,client,online,encrypt,21.387688167000306
200000,16,2048,200,300,0.3,client,online,encrypt,21.3948906250007
200000,16,2048,200,300,0.3,client,online,encrypt,21.461111101001734
200000,16,2048,200,300,0.3,client,online,encrypt,21.648196382000606
200000,16,2048,200,300,0.3,client,online,encrypt,21.44541474700236
200000,16,2048,200,300,0.3,client,online,encrypt,21.678814148999663
200000,16,2048,200,300,0.3,client,online,encrypt,21.50744190199839
200000,16,2048,200,300,0.3,client,online,encrypt,21.496732270999928
200000,16,2048,200,300,0.3,client,online,encrypt,21.51044408799862
200000,16,2048,200,300,0.3,client,online,encrypt,21.68139972499921
200000,16,2048,200,300,0.3,client,online,encrypt,21.449255124000047
200000,16,2048,200,300,0.3,client,online,encrypt,21.44101079900065
200000,16,2048,200,300,0.3,client,online,encrypt,21.55443015900164
200000,16,2048,200,300,0.3,client,online,encrypt,21.537682131998736
200000,16,2048,200,300,0.3,client,online,encrypt,21.55043198200292
200000,16,2048,200,300,0.3,client,online,encrypt,21.045327881998674
200000,16,2048,200,300,0.3,client,online,encrypt,21.609029041999747
200000,16,2048,200,300,0.3,client,online,encrypt,21.79353639999681
200000,16,2048,200,300,0.3,client,online,encrypt,21.850750007000897
200000,16,2048,200,300,0.3,client,online,encrypt,21.419319554999674
200000,16,2048,200,300,0.3,client,online,encrypt,21.554096487998322
200000,16,2048,200,300,0.3,client,online,encrypt,21.624831609002285
200000,16,2048,200,300,0.3,client,online,encrypt,21.494845888999407
200000,16,2048,200,300,0.3,client,online,encrypt,21.58220183999947
200000,16,2048,200,300,0.3,client,online,encrypt,21.586992245000147
200000,16,2048,200,300,0.3,client,online,encrypt,21.59970288200202
200000,16,2048,200,300,0.3,client,online,encrypt,21.636384976001864
200000,16,2048,200,300,0.3,client,online,encrypt,21.572051987001032
200000,16,2048,200,300,0.3,client,online,encrypt,21.37715788299829
200000,16,2048,200,300,0.3,client,online,encrypt,21.408418581999285
200000,16,2048,200,300,0.3,client,online,encrypt,21.383345145997737
200000,16,2048,200,300,0.3,client,online,encrypt,21.242456021998805
200000,16,2048,200,300,0.3,client,online,encrypt,21.410326419998455
200000,16,2048,200,300,0.3,client,online,encrypt,21.5223881790007
200000,16,2048,200,300,0.3,client,online,encrypt,21.173938878997433
200000,16,2048,200,300,0.3,server,online,encrypt,25.137923412999953
200000,16,2048,200,300,0.3,server,online,encrypt,25.061336267001025
200000,16,2048,200,300,0.3,server,online,encrypt,25.137843032996898
200000,16,2048,200,300,0.3,server,online,encrypt,24.794148328997835
200000,16,2048,200,300,0.3,server,online,encrypt,24.936825529999624
200000,16,2048,200,300,0.3,client,online,construct,20.761961471998802
200000,16,2048,200,300,0.3,client,online,construct,22.754178305000096
200000,16,2048,200,300,0.3,client,online,construct,24.085368637999636
200000,16,2048,200,300,0.3,client,online,construct,24.650155958999676
200000,16,2048,200,300,0.3,client,online,construct,25.143157923997933
200000,16,2048,200,300,0.3,client,online,construct,25.701471877000586
200000,16,2048,200,300,0.3,client,online,construct,26.221216884998285
200000,16,2048,200,300,0.3,client,online,construct,26.920841183000448
200000,16,2048,200,300,0.3,client,online,construct,27.170633391000592
200000,16,2048,200,300,0.3,client,online,construct,27.32382378299735
200000,16,2048,200,300,0.3,client,online,construct,27.77234387399949
200000,16,2048,200,300,0.3,client,online,construct,28.111838364002324
200000,16,2048,200,300,0.3,client,online,construct,28.323441347998596
200000,16,2048,200,300,0.3,client,online,construct,28.309021070002927
200000,16,2048,200,300,0.3,client,online,construct,28.563817597998423
200000,16,2048,200,300,0.3,client,online,construct,28.805428086001484
200000,16,2048,200,300,0.3,client,online,construct,29.79974766400119
200000,16,2048,200,300,0.3,client,online,construct,29.25350311099828
200000,16,2048,200,300,0.3,client,online,construct,29.168311666999216
200000,16,2048,200,300,0.3,client,online,construct,29.3459239900003
200000,16,2048,200,300,0.3,client,online,construct,29.54091447799874
200000,16,2048,200,300,0.3,client,online,construct,29.40966208700047
200000,16,2048,200,300,0.3,client,online,construct,29.48367187599797
200000,16,2048,200,300,0.3,client,online,construct,29.55599866800185
200000,16,2048,200,300,0.3,client,online,construct,29.606749209000554
200000,16,2048,200,300,0.3,client,online,construct,29.56710950500201
200000,16,2048,200,300,0.3,client,online,construct,30.096551784998155
200000,16,2048,200,300,0.3,client,online,construct,29.80102497400003
200000,16,2048,200,300,0.3,client,online,construct,30.385140172998945
200000,16,2048,200,300,0.3,client,online,construct,30.671433025003353
200000,16,2048,200,300,0.3,client,online,construct,30.61304115800158
200000,16,2048,200,300,0.3,client,online,construct,30.899327106002602
200000,16,2048,200,300,0.3,client,online,construct,30.949398378001206
200000,16,2048,200,300,0.3,client,online,construct,31.059947923000436
200000,16,2048,200,300,0.3,client,online,construct,31.01620447700043
200000,16,2048,200,300,0.3,client,online,construct,31.276883620001172
200000,16,2048,200,300,0.3,client,online,construct,31.14227886000299
200000,16,2048,200,300,0.3,client,online,construct,31.408133971999632
200000,16,2048,200,300,0.3,client,online,construct,31.402211354001338
200000,16,2048,200,300,0.3,client,online,construct,31.361418566000793
200000,16,2048,200,300,0.3,client,online,construct,31.9700944469987
200000,16,2048,200,300,0.3,client,online,construct,31.35540238899921
200000,16,2048,200,300,0.3,client,online,construct,31.55426373299997
200000,16,2048,200,300,0.3,client,online,construct,31.515369504002592
200000,16,2048,200,300,0.3,client,online,construct,31.503956955999456
200000,16,2048,200,300,0.3,client,online,construct,31.588921948998177
200000,16,2048,200,300,0.3,client,online,construct,31.74332037199929
200000,16,2048,200,300,0.3,client,online,construct,31.862510986000416
200000,16,2048,200,300,0.3,client,online,construct,31.868603240000084
200000,16,2048,200,300,0.3,client,online,construct,32.03102925300118
200000,16,2048,200,300,0.3,client,online,construct,32.08962960100325
200000,16,2048,200,300,0.3,client,online,construct,32.11970948900125
200000,16,2048,200,300,0.3,client,online,construct,32.12315672400291
200000,16,2048,200,300,0.3,client,online,construct,32.16165483900113
200000,16,2048,200,300,0.3,client,online,construct,32.43373288699877
200000,16,2048,200,300,0.3,client,online,construct,32.19658670799981
200000,16,2048,200,300,0.3,client,online,construct,32.15730256800089
200000,16,2048,200,300,0.3,client,online,construct,32.20022168900323
200000,16,2048,200,300,0.3,client,online,construct,32.37624321000112
200000,16,2048,200,300,0.3,client,online,construct,32.27936941900043
200000,16,2048,200,300,0.3,client,online,construct,32.59907884099812
200000,16,2048,200,300,0.3,client,online,construct,32.275940449999325
200000,16,2048,200,300,0.3,client,online,construct,32.657598500998574
200000,16,2048,200,300,0.3,client,online,construct,32.61725745399963
200000,16,2048,200,300,0.3,client,online,construct,32.71068870300223
200000,16,2048,200,300,0.3,client,online,construct,32.65909685400038
200000,16,2048,200,300,0.3,client,online,construct,32.759347759001685
200000,16,2048,200,300,0.3,client,online,construct,32.651033779999125
200000,16,2048,200,300,0.3,client,online,construct,32.850578641999164
200000,16,2048,200,300,0.3,client,online,construct,33.000447256999905
200000,16,2048,200,300,0.3,client,online,construct,33.09481237900036
200000,16,2048,200,300,0.3,client,online,construct,33.15760130899798
200000,16,2048,200,300,0.3,client,online,construct,33.12627543200142
200000,16,2048,200,300,0.3,client,online,construct,32.984852112000226
200000,16,2048,200,300,0.3,client,online,construct,33.125835797000036
200000,16,2048,200,300,0.3,client,online,construct,33.188303827999334
200000,16,2048,200,300,0.3,client,online,construct,33.08330871299768
200000,16,2048,200,300,0.3,client,online,construct,33.13754065499961
200000,16,2048,200,300,0.3,client,online,construct,33.434168076997594
200000,16,2048,200,300,0.3,client,online,construct,33.44269685400286
200000,16,2048,200,300,0.3,client,online,construct,33.36549479600217
200000,16,2048,200,300,0.3,client,online,construct,33.568862766001985
200000,16,2048,200,300,0.3,client,online,construct,33.56106510400059
200000,16,2048,200,300,0.3,client,online,construct,33.53700042299897
200000,16,2048,200,300,0.3,client,online,construct,33.45639977800238
200000,16,2048,200,300,0.3,client,online,construct,33.637975497997104
200000,16,2048,200,300,0.3,client,online,construct,33.967131250999955
200000,16,2048,200,300,0.3,client,online,construct,33.72649671600084
200000,16,2048,200,300,0.3,client,online,construct,33.83403420600007
200000,16,2048,200,300,0.3,client,online,construct,33.8049536260005
200000,16,2048,200,300,0.3,client,online,construct,33.56679794299998
200000,16,2048,200,300,0.3,client,online,construct,33.61877919300241
200000,16,2048,200,300,0.3,client,online,construct,33.91383604600196
200000,16,2048,200,300,0.3,client,online,construct,33.70703611699719
200000,16,2048,200,300,0.3,client,online,construct,33.85278406199723
200000,16,2048,200,300,0.3,client,online,construct,33.87952159999986
200000,16,2048,200,300,0.3,client,online,construct,33.89025981600207
200000,16,2048,200,300,0.3,client,online,construct,33.88624039899878
200000,16,2048,200,300,0.3,client,online,construct,33.98344740999892
200000,16,2048,200,300,0.3,client,online,construct,34.17468096399898
200000,16,2048,200,300,0.3,client,online,construct,34.17186692299947
200000,16,2048,200,300,0.3,client,online,construct,34.04656942400106
200000,16,2048,200,300,0.3,client,online,construct,33.93063597799846
200000,16,2048,200,300,0.3,client,online,construct,34.15484248499706
200000,16,2048,200,300,0.3,client,online,construct,34.28949176400056
200000,16,2048,200,300,0.3,client,online,construct,34.294847478999145
200000,16,2048,200,300,0.3,client,online,construct,34.366327844003536
200000,16,2048,200,300,0.3,client,online,construct,34.090509428002406
200000,16,2048,200,300,0.3,client,online,construct,34.35870380900087
200000,16,2048,200,300,0.3,client,online,construct,34.32036565599992
200000,16,2048,200,300,0.3,client,online,construct,34.60184665400084
200000,16,2048,200,300,0.3,client,online,construct,34.34566142500262
200000,16,2048,200,300,0.3,client,online,construct,34.257266975000675
200000,16,2048,200,300,0.3,client,online,construct,34.03085531800025
200000,16,2048,200,300,0.3,client,online,construct,34.31680051600051
200000,16,2048,200,300,0.3,client,online,construct,34.41373721900163
200000,16,2048,200,300,0.3,client,online,construct,34.38499748599861
200000,16,2048,200,300,0.3,client,online,construct,34.385554002998106
200000,16,2048,200,300,0.3,client,online,construct,34.51074723199781
200000,16,2048,200,300,0.3,client,online,construct,34.34616247099984
200000,16,2048,200,300,0.3,client,online,construct,34.50838817099793
200000,16,2048,200,300,0.3,client,online,construct,34.65846728299948
200000,16,2048,200,300,0.3,client,online,construct,35.01522955299879
200000,16,2048,200,300,0.3,client,online,construct,34.70292160700046
200000,16,2048,200,300,0.3,client,online,construct,34.98411769499944
200000,16,2048,200,300,0.3,client,online,construct,35.473486054001114
200000,16,2048,200,300,0.3,client,online,construct,34.55746724599885
200000,16,2048,200,300,0.3,client,online,construct,34.639413431999856
200000,16,2048,200,300,0.3,client,online,construct,34.99449759400159
200000,16,2048,200,300,0.3,client,online,construct,34.905028520002816
200000,16,2048,200,300,0.3,client,online,construct,34.89556398100103
200000,16,2048,200,300,0.3,client,online,construct,34.98310472199955
200000,16,2048,200,300,0.3,client,online,construct,35.117190009001206
200000,16,2048,200,300,0.3,client,online,construct,35.267753722000634
200000,16,2048,200,300,0.3,client,online,construct,34.98276713099767
200000,16,2048,200,300,0.3,client,online,construct,35.38092396299908
200000,16,2048,200,300,0.3,client,online,construct,35.54249863699806
200000,16,2048,200,300,0.3,client,online,construct,35.4202915470014
200000,16,2048,200,300,0.3,client,online,construct,35.24928146499951
200000,16,2048,200,300,0.3,client,online,construct,34.827402409999195
200000,16,2048,200,300,0.3,client,online,construct,35.3911623319982
200000,16,2048,200,300,0.3,client,online,construct,34.77817218599739
200000,16,2048,200,300,0.3,client,online,construct,35.183337062000646
200000,16,2048,200,300,0.3,client,online,construct,34.69932034099838
200000,16,2048,200,300,0.3,client,online,construct,34.4425309870021
200000,16,2048,200,300,0.3,client,online,construct,35.41167024999959
200000,16,2048,200,300,0.3,client,online,construct,35.22438416600198
200000,16,2048,200,300,0.3,client,online,construct,35.54457750099755
200000,16,2048,200,300,0.3,client,online,construct,35.0651199999993
200000,16,2048,200,300,0.3,client,online,construct,35.11121479299982
200000,16,2048,200,300,0.3,client,online,construct,34.99006251300307
200000,16,2048,200,300,0.3,client,online,construct,35.45352454000022
200000,16,2048,200,300,0.3,client,online,construct,35.14872462900166
200000,16,2048,200,300,0.3,client,online,construct,35.881108510999184
200000,16,2048,200,300,0.3,client,online,construct,35.64063736800017
200000,16,2048,200,300,0.3,client,online,construct,35.97179121500085
200000,16,2048,200,300,0.3,client,online,construct,35.97585797699867
200000,16,2048,200,300,0.3,client,online,construct,35.934179874999245
200000,16,2048,200,300,0.3,client,online,construct,35.903404201999365
200000,16,2048,200,300,0.3,client,online,construct,35.08623854399775
200000,16,2048,200,300,0.3,client,online,construct,35.78568305099907
200000,16,2048,200,300,0.3,client,online,construct,35.830299747001845
200000,16,2048,200,300,0.3,client,online,construct,35.60451942700092
200000,16,2048,200,300,0.3,client,online,construct,35.75075663499956
200000,16,2048,200,300,0.3,client,online,construct,35.70768102299917
200000,16,2048,200,300,0.3,client,online,construct,35.96460126999955
200000,16,2048,200,300,0.3,client,online,construct,35.42451086300207
200000,16,2048,200,300,0.3,client,online,construct,35.73157224299939
200000,16,2048,200,300,0.3,client,online,construct,35.71904926299976
200000,16,2048,200,300,0.3,client,online,construct,35.76590408999982
200000,16,2048,200,300,0.3,client,online,construct,35.857704950998595
200000,16,2048,200,300,0.3,client,online,construct,35.81744101000004
200000,16,2048,200,300,0.3,client,online,construct,35.92712237299929
200000,16,2048,200,300,0.3,client,online,construct,35.819066388001374
